areaName,Borough,areaType,2010-01,2010-02,2010-03,2010-04,2010-05,2010-06,2010-07,2010-08,2010-09,2010-10,2010-11,2010-12,2011-01,2011-02,2011-03,2011-04,2011-05,2011-06,2011-07,2011-08,2011-09,2011-10,2011-11,2011-12,2012-01,2012-02,2012-03,2012-04,2012-05,2012-06,2012-07,2012-08,2012-09,2012-10,2012-11,2012-12,2013-01,2013-02,2013-03,2013-04,2013-05,2013-06,2013-07,2013-08,2013-09,2013-10,2013-11,2013-12,2014-01,2014-02,2014-03,2014-04,2014-05,2014-06,2014-07,2014-08,2014-09,2014-10,2014-11,2014-12,2015-01,2015-02,2015-03,2015-04,2015-05,2015-06,2015-07,2015-08,2015-09,2015-10,2015-11,2015-12,2016-01,2016-02,2016-03,2016-04,2016-05,2016-06,2016-07,2016-08,2016-09,2016-10,2016-11,2016-12,2017-01,2017-02,2017-03,2017-04,2017-05,2017-06,2017-07,2017-08,2017-09,2017-10,2017-11,2017-12,2018-01,2018-02,2018-03,2018-04,2018-05,2018-06,2018-07,2018-08,2018-09,2018-10,2018-11,2018-12,2019-01,2019-02,2019-03,2019-04,2019-05,2019-06,2019-07,2019-08,2019-09,2019-10,2019-11
All Downtown,Manhattan,submarket,0.078,0.078,0.089,0.091,0.099,0.098,0.091,0.063,0.112,0.109,0.093,0.041,0.086,0.076,0.097,0.084,0.103,0.104,0.083,0.060,0.105,0.125,0.091,0.046,0.096,0.066,0.088,0.078,0.083,0.068,0.069,0.053,0.090,0.080,0.056,0.032,0.074,0.040,0.067,0.068,0.060,0.064,0.051,0.047,0.088,0.090,0.063,0.031,0.050,0.052,0.046,0.065,0.074,0.077,0.051,0.034,0.074,0.066,0.046,0.030,0.054,0.046,0.061,0.062,0.075,0.071,0.065,0.043,0.091,0.099,0.087,0.049,0.086,0.075,0.086,0.096,0.124,0.102,0.089,0.063,0.125,0.119,0.096,0.048,0.115,0.083,0.093,0.109,0.127,0.126,0.096,0.068,0.141,0.127,0.098,0.035,0.113,0.096,0.098,0.131,0.138,0.133,0.111,0.068,0.162,0.168,0.115,0.062,0.125,0.099,0.117,0.124,0.141,0.135,0.107,0.064,0.174,0.149,0.102
All Midtown,Manhattan,submarket,0.105,0.103,0.114,0.109,0.118,0.118,0.097,0.083,0.135,0.119,0.097,0.051,0.114,0.093,0.131,0.127,0.134,0.138,0.099,0.075,0.138,0.143,0.118,0.061,0.117,0.091,0.115,0.107,0.107,0.091,0.089,0.071,0.089,0.104,0.071,0.050,0.079,0.068,0.073,0.092,0.092,0.094,0.070,0.051,0.098,0.119,0.072,0.052,0.096,0.061,0.085,0.085,0.094,0.121,0.088,0.067,0.093,0.091,0.067,0.048,0.081,0.057,0.082,0.089,0.099,0.091,0.086,0.066,0.106,0.129,0.090,0.058,0.107,0.074,0.109,0.112,0.137,0.145,0.096,0.080,0.143,0.130,0.096,0.050,0.110,0.098,0.112,0.108,0.128,0.107,0.114,0.066,0.138,0.139,0.114,0.072,0.123,0.103,0.109,0.146,0.153,0.148,0.142,0.085,0.167,0.181,0.135,0.064,0.152,0.107,0.125,0.153,0.169,0.160,0.142,0.081,0.168,0.178,0.110
All Upper East Side,Manhattan,submarket,0.098,0.123,0.118,0.120,0.121,0.127,0.093,0.072,0.143,0.150,0.128,0.048,0.135,0.096,0.150,0.125,0.155,0.150,0.102,0.066,0.146,0.147,0.112,0.068,0.143,0.120,0.118,0.126,0.119,0.121,0.079,0.070,0.134,0.114,0.087,0.039,0.088,0.066,0.077,0.100,0.079,0.087,0.063,0.043,0.105,0.112,0.082,0.052,0.096,0.073,0.096,0.094,0.104,0.102,0.073,0.050,0.111,0.108,0.092,0.052,0.101,0.070,0.083,0.096,0.111,0.114,0.078,0.060,0.115,0.121,0.102,0.051,0.124,0.092,0.120,0.134,0.135,0.129,0.088,0.051,0.178,0.143,0.107,0.050,0.128,0.098,0.120,0.129,0.131,0.122,0.112,0.057,0.147,0.166,0.110,0.054,0.139,0.128,0.120,0.179,0.173,0.147,0.136,0.083,0.180,0.198,0.138,0.053,0.178,0.122,0.142,0.165,0.170,0.145,0.109,0.064,0.193,0.178,0.125
All Upper Manhattan,Manhattan,submarket,0.064,0.066,0.117,0.112,0.102,0.113,0.103,0.081,0.105,0.116,0.073,0.047,0.078,0.087,0.120,0.108,0.103,0.103,0.070,0.062,0.087,0.107,0.075,0.052,0.088,0.082,0.102,0.081,0.080,0.083,0.067,0.073,0.093,0.071,0.052,0.026,0.047,0.029,0.033,0.049,0.043,0.051,0.060,0.042,0.064,0.097,0.049,0.037,0.033,0.032,0.044,0.044,0.052,0.049,0.056,0.050,0.070,0.068,0.051,0.043,0.043,0.042,0.024,0.050,0.066,0.054,0.050,0.031,0.057,0.071,0.065,0.039,0.079,0.044,0.085,0.082,0.058,0.089,0.071,0.072,0.098,0.091,0.081,0.043,0.068,0.070,0.079,0.072,0.072,0.088,0.100,0.059,0.103,0.100,0.102,0.047,0.074,0.089,0.083,0.105,0.126,0.141,0.129,0.081,0.159,0.158,0.125,0.058,0.145,0.105,0.125,0.124,0.160,0.146,0.131,0.117,0.138,0.170,0.110
All Upper West Side,Manhattan,submarket,0.112,0.103,0.123,0.136,0.122,0.117,0.094,0.055,0.134,0.130,0.104,0.052,0.124,0.089,0.119,0.120,0.141,0.134,0.100,0.082,0.139,0.164,0.115,0.054,0.135,0.117,0.104,0.111,0.118,0.125,0.098,0.053,0.082,0.088,0.077,0.046,0.066,0.069,0.065,0.093,0.090,0.074,0.086,0.071,0.107,0.105,0.088,0.053,0.085,0.075,0.091,0.090,0.121,0.111,0.098,0.045,0.115,0.095,0.073,0.046,0.079,0.049,0.076,0.076,0.086,0.093,0.064,0.054,0.102,0.123,0.103,0.063,0.121,0.101,0.106,0.129,0.127,0.138,0.104,0.054,0.149,0.122,0.114,0.054,0.113,0.085,0.126,0.098,0.125,0.132,0.096,0.058,0.148,0.161,0.137,0.071,0.137,0.126,0.107,0.162,0.171,0.153,0.146,0.084,0.187,0.185,0.162,0.081,0.147,0.122,0.128,0.143,0.150,0.151,0.104,0.073,0.180,0.161,0.115
Astoria,Queens,neighborhood,0.310,0.037,0.029,0.018,0.034,0.040,0.059,0.005,0.090,0.017,0.022,0.000,0.032,0.017,0.040,0.033,0.041,0.046,0.089,0.034,0.065,0.058,0.045,0.024,0.021,0.038,0.063,0.045,0.000,0.063,0.078,0.060,0.083,0.110,0.023,0.042,0.058,0.048,0.053,0.090,0.110,0.056,0.058,0.068,0.141,0.066,0.032,0.022,0.020,0.039,0.019,0.051,0.043,0.030,0.010,0.021,0.050,0.022,0.056,0.012,0.037,0.059,0.032,0.030,0.102,0.040,0.067,0.031,0.091,0.044,0.019,0.023,0.056,0.096,0.047,0.096,0.120,0.148,0.125,0.084,0.111,0.105,0.071,0.069,0.088,0.103,0.064,0.118,0.076,0.145,0.163,0.078,0.113,0.078,0.127,0.079,0.057,0.086,0.117,0.162,0.113,0.104,0.197,0.146,0.140,0.225,0.107,0.059,0.120,0.115,0.161,0.167,0.134,0.193,0.170,0.128,0.130,0.174,0.128
Auburndale,Queens,neighborhood,,,,,,,,,,,,,,,,,,,,,,,,,,,,,,,,,,,,,,,,,,,,,,,,,,,,,,,,,,,,,,,,,,,,,,,0.091,,,,,,,,,,,,,,,,,0.071,0.150,0.175,0.104,0.026,,,,,,,,0.062,0.316,0.143,0.167,,,0.053,0.111,,,0.100,0.074,0.032,0.182,0.176,0.108,0.129,0.067,0.129,0.167
Bath Beach,Brooklyn,neighborhood,,,,,,,,,,,,,,,0.040,,,,0.080,,,,,,0.185,0.074,0.120,0.050,0.067,,,,,,,0.105,,0.368,,,,,0.059,,,,,,,,,,,,,,,,,,,,,,,,,,,,,0.000,,,0.059,0.071,0.160,0.233,0.192,0.107,0.185,0.138,0.071,0.045,,,,,0.043,0.059,0.122,0.091,0.091,0.098,0.034,0.000,0.121,0.103,0.098,0.131,0.159,0.091,0.145,0.103,0.092,0.208,0.098,0.037,0.110,0.101,0.130,0.134,0.171,0.167,0.101,0.169,0.174,0.184,0.110
Battery Park City,Manhattan,neighborhood,0.058,0.116,0.131,0.158,0.135,0.097,0.117,0.034,0.085,0.088,0.032,0.020,0.043,0.048,0.078,0.068,0.076,0.072,0.051,0.030,0.063,0.067,0.080,0.069,0.087,0.062,0.071,0.081,0.074,0.055,0.098,0.051,0.075,0.054,0.056,0.038,0.023,0.038,0.023,0.056,0.017,0.027,0.058,0.043,0.088,0.033,0.063,0.032,0.015,0.054,0.024,0.093,0.129,0.116,0.133,0.071,0.120,0.169,0.028,0.070,0.092,0.067,0.053,0.055,0.082,0.115,0.082,0.070,0.039,0.122,0.074,0.090,0.086,0.109,0.108,0.104,0.168,0.155,0.165,0.106,0.156,0.136,0.112,0.068,0.120,0.121,0.133,0.139,0.204,0.171,0.165,0.106,0.121,0.208,0.078,0.069,0.126,0.073,0.114,0.154,0.178,0.183,0.156,0.090,0.142,0.162,0.130,0.096,0.108,0.075,0.111,0.160,0.199,0.217,0.199,0.088,0.140,0.123,0.117
Bay Ridge,Brooklyn,neighborhood,0.098,0.063,0.081,0.180,0.058,0.116,0.073,0.073,0.149,0.260,0.079,0.048,0.098,0.051,0.105,0.151,0.062,0.112,0.120,0.053,0.116,0.098,0.071,0.038,0.096,0.113,0.155,0.115,0.108,0.127,0.051,0.083,0.114,0.101,0.040,0.034,0.075,0.049,0.082,0.071,0.062,0.117,0.097,0.071,0.113,0.081,0.050,0.045,0.071,0.022,0.062,0.094,0.098,0.036,0.077,0.051,0.088,0.071,0.076,0.066,0.130,0.048,0.042,0.045,0.034,0.102,0.062,0.053,0.062,0.095,0.062,0.027,0.060,0.036,0.036,0.062,0.081,0.087,0.062,0.096,0.164,0.109,0.106,0.036,0.089,0.080,0.071,0.112,0.084,0.116,0.099,0.097,0.127,0.140,0.109,0.074,0.138,0.091,0.110,0.151,0.118,0.148,0.128,0.076,0.177,0.174,0.137,0.071,0.137,0.141,0.201,0.129,0.215,0.148,0.162,0.116,0.160,0.197,0.143
Baychester,Bronx,neighborhood,,,,,,,,,,,,,,,,,,,,,,,,,,,,,,,,,,,,,,,,,,,,,,,,,,,,,,,,,,,,,,,,,,,,,,,,,,,,,,,,,,,,,,,,,,,,,,,,,,,,,,,,,,,,,,,,,,,,,,,
Bayside,Queens,neighborhood,0.065,0.100,0.031,0.086,0.188,0.139,0.103,0.276,0.129,0.167,0.115,0.111,0.037,0.139,0.139,0.128,0.233,0.286,0.179,0.125,0.049,0.250,0.200,0.147,0.088,0.067,0.071,0.033,0.079,0.147,0.059,0.200,0.067,0.152,0.129,0.029,0.062,0.031,0.111,0.059,0.120,0.000,,0.143,0.222,0.192,0.000,,0.000,0.065,0.071,0.082,0.054,0.086,0.074,0.050,0.070,0.040,0.016,0.046,0.062,0.057,0.068,0.013,0.051,0.041,0.000,0.037,0.111,0.053,0.104,0.042,0.111,0.080,0.017,0.067,0.013,0.014,0.085,0.048,0.033,0.059,0.027,0.029,0.000,0.020,0.100,0.125,0.116,0.052,0.161,0.081,0.082,0.148,0.129,0.026,0.121,0.098,0.082,0.055,0.089,0.074,0.015,0.162,0.143,0.107,0.111,0.065,0.119,0.107,0.085,0.154,0.175,0.168,0.066,0.101,0.159,0.156,0.105
Bedford Park,Bronx,neighborhood,,,,,,,,,,,,,,,,,,,,,,,,,,,,,,,,,,,,,,,,,0.000,0.069,0.000,0.091,0.125,0.087,,,,,,,,,,,,,,,,,,,,,,,,,,,,,,,,,,,,,,,,,,,,,,,,,,,,,,,,,,,,,,,,,,,,,,,,,
Bedford-Stuyvesant,Brooklyn,neighborhood,0.076,0.036,0.090,0.082,0.120,0.082,0.087,0.068,0.066,0.065,0.068,0.078,0.038,0.046,0.047,0.077,0.036,0.079,0.058,0.050,0.104,0.076,0.052,0.032,0.045,0.030,0.028,0.030,0.019,0.020,0.067,0.066,0.039,0.043,0.050,0.033,0.033,0.026,0.009,0.000,0.000,0.041,0.050,0.052,0.114,0.071,0.087,0.059,0.068,0.074,0.059,0.056,0.088,0.070,0.059,0.075,0.083,0.105,0.079,0.063,0.111,0.046,0.071,0.129,0.063,0.098,0.052,0.125,0.178,0.187,0.118,0.077,0.120,0.056,0.090,0.069,0.094,0.143,0.117,0.090,0.143,0.146,0.121,0.088,0.088,0.071,0.052,0.047,0.068,0.077,0.076,0.093,0.126,0.145,0.113,0.069,0.097,0.049,0.080,0.095,0.106,0.110,0.121,0.102,0.137,0.199,0.180,0.106,0.137,0.122,0.126,0.101,0.173,0.187,0.160,0.097,0.153,0.127,0.142
Bellerose,Queens,neighborhood,,,,,,,,,,,,,,,,,,,,,,,,,,,,,,,,,,,,,,,,,,,,,,,,,,,,,,,,,,,,,,,,,0.050,,0.000,,0.000,0.040,0.043,,0.087,,,0.077,0.172,0.103,0.038,,,,,,,,,,,0.095,0.036,0.062,0.115,0.071,0.040,,0.080,0.000,0.071,0.143,0.032,0.000,,0.091,,0.048,0.053,,0.045,,0.167,0.083,0.185,0.172,0.172,0.107,,,0.105
Belmont,Bronx,neighborhood,,,,,,,,,,,,,,,,,,,,,,,,,,,,,,,,,,,,,,,,,,,,,,,,,,,,,,,,,,,,,,,,,,,,,,,,,,,,,,,,,,,,,,,,,,,,,,,,,,,,,,,,,,,,,,,,,,,,,,,
Bensonhurst,Brooklyn,neighborhood,,,,,,,,,,,,,,0.364,0.097,,0.139,0.054,0.133,,0.065,0.030,0.120,,0.095,,0.182,0.158,0.111,0.048,,0.045,,,,,,,,,0.050,,,,,0.095,,,,0.095,0.045,0.083,,,,0.000,0.038,0.038,,,,,0.000,0.050,0.040,0.000,0.071,0.030,0.029,0.062,0.080,0.045,,0.100,0.037,0.146,0.053,0.096,0.085,0.077,0.083,0.089,0.174,0.077,0.086,0.094,0.081,0.122,0.135,0.078,0.068,0.103,0.053,0.099,0.082,0.075,0.086,0.065,0.082,0.137,0.112,0.077,0.106,0.127,0.168,0.161,0.143,0.080,0.202,0.146,0.185,0.153,0.117,0.203,0.120,0.109,0.142,0.149,0.160
Bergen Beach,Brooklyn,neighborhood,,,,,,,,,,,,,,0.056,,,,,,,,,,,,,,,,,,,,,,,,,,,,,,,0.286,0.000,,,0.103,,0.059,0.054,,,0.000,,,0.000,,0.078,,,,,0.024,0.000,0.043,0.024,0.000,,,,,0.057,0.050,0.000,0.056,0.026,0.027,0.118,0.036,,,,,0.030,0.083,0.094,0.103,0.042,0.137,0.105,0.094,0.122,0.071,0.077,0.021,0.074,0.037,0.071,0.017,0.138,0.044,0.091,0.100,0.216,0.113,0.096,0.091,0.078,0.060,0.096,0.273,0.157,0.128,0.193,0.190,0.082,0.071
Boerum Hill,Brooklyn,neighborhood,0.098,0.022,0.061,0.085,0.062,0.024,0.000,0.125,0.100,0.133,0.115,,0.115,0.034,0.062,0.083,0.053,0.079,0.059,0.091,0.094,0.143,0.032,0.067,0.118,0.079,0.086,0.086,0.056,0.065,0.125,0.000,0.226,0.138,0.048,0.000,,0.083,0.040,0.061,0.033,0.038,0.000,0.048,0.000,0.061,0.042,,0.050,0.000,0.087,0.081,0.068,0.108,0.059,0.069,0.138,0.135,0.000,0.022,0.047,0.102,0.036,0.044,0.078,0.136,0.117,0.014,0.051,0.089,0.047,0.057,0.074,0.078,0.133,0.106,0.143,0.085,0.105,0.013,0.069,0.067,0.069,0.032,0.042,0.036,0.000,0.045,0.022,0.103,0.073,0.044,0.082,0.091,0.058,0.050,0.029,0.154,0.087,0.122,0.138,0.055,0.087,0.073,0.245,0.196,0.180,0.047,0.156,0.182,0.096,0.120,0.132,0.132,0.148,0.050,0.209,0.154,0.159
Borough Park,Brooklyn,neighborhood,,,,,,,,,,,,,,,,,,,,,0.111,,,,,,,0.050,,,0.182,0.000,,,,,,,,,,,,,,,,,,,,,,,,,,,,,,,,,,,,,,,,,,0.077,0.000,,,0.100,0.167,,,,,0.042,,0.045,0.107,0.069,0.133,0.179,0.116,0.148,0.088,0.091,0.107,0.036,0.080,0.060,0.105,0.102,0.138,0.162,0.084,0.140,0.120,0.163,0.089,0.039,0.075,0.132,0.074,0.080,0.134,0.194,0.210,0.152,0.072,0.128,0.108
Briarwood,Queens,neighborhood,,0.103,0.050,,,,0.000,,0.196,0.077,,,,,0.026,0.156,0.122,0.154,0.026,0.031,0.031,0.167,,,0.031,,,0.040,0.125,0.179,0.000,0.083,,0.138,,,,,0.023,0.021,0.045,0.023,0.087,0.000,0.091,0.098,0.056,0.029,0.000,0.000,0.118,0.083,0.095,0.130,0.000,,0.023,0.073,0.027,0.000,0.133,0.000,0.067,0.125,0.111,0.167,0.047,0.079,0.028,0.000,0.200,,,0.000,0.000,0.083,0.000,0.043,0.033,,0.091,0.062,0.032,0.000,0.061,0.074,0.077,,0.100,0.020,0.029,0.032,0.000,0.122,0.000,0.000,0.048,0.041,0.000,0.019,0.018,0.019,0.074,0.071,0.026,0.068,0.027,,0.000,0.116,0.023,0.104,0.021,0.094,0.109,0.118,0.093,0.109,0.038
Brighton Beach,Brooklyn,neighborhood,,,0.027,0.000,,,0.000,,0.000,,,0.043,,,0.034,,,,,,,,,,,,,0.098,,,0.050,0.000,0.000,0.032,0.000,,0.079,0.054,,0.075,0.075,,0.059,0.058,,0.101,0.107,,0.100,0.047,0.029,,,0.053,0.089,0.018,,0.020,0.143,0.043,,0.093,0.048,0.021,0.048,0.071,0.072,0.090,0.132,0.114,0.000,0.048,0.055,0.051,0.083,0.029,0.100,0.169,0.086,0.157,0.125,0.056,0.057,0.047,0.084,0.080,0.030,0.073,0.061,0.076,0.041,0.086,0.069,0.101,0.075,0.068,0.062,0.064,0.110,0.101,0.112,0.136,0.106,0.098,0.116,0.107,0.207,0.076,0.110,0.128,0.079,0.078,0.250,0.150,0.061,0.095,0.087,0.145,0.045
Bronx,Bronx,borough,0.082,0.062,0.062,0.066,0.098,0.078,0.077,0.061,0.058,0.099,0.061,0.067,0.073,0.076,0.096,0.085,0.108,0.102,0.088,0.073,0.094,0.107,0.078,0.058,0.086,0.075,0.108,0.083,0.127,0.088,0.085,0.074,0.101,0.091,0.067,0.059,0.079,0.076,0.071,0.092,0.067,0.108,0.084,0.070,0.085,0.100,0.068,0.055,0.071,0.053,0.069,0.074,0.091,0.091,0.091,0.067,0.077,0.069,0.064,0.052,0.082,0.042,0.056,0.078,0.083,0.090,0.076,0.084,0.080,0.086,0.066,0.042,0.061,0.050,0.058,0.066,0.067,0.087,0.074,0.043,0.060,0.076,0.059,0.034,0.062,0.043,0.048,0.062,0.053,0.055,0.081,0.060,0.072,0.103,0.069,0.052,0.073,0.086,0.052,0.061,0.072,0.094,0.091,0.084,0.093,0.133,0.077,0.058,0.082,0.077,0.097,0.084,0.115,0.111,0.088,0.068,0.091,0.088,0.101
Bronxwood,Bronx,neighborhood,,,,,,,,,,,,,,,,,,,,,,,,,,,,,,,,,,,,,,,,,,,,,,,,,,,,,,,,,,,,,,,,,,,,,,,,,,,,,,,,0.000,,,,,,,,,,,,,,,,,,,,0.105,,,,,,,,,,,,,,,,,,,
Brooklyn,Brooklyn,borough,0.073,0.057,0.063,0.074,0.084,0.084,0.077,0.066,0.095,0.092,0.075,0.046,0.068,0.058,0.077,0.077,0.088,0.089,0.069,0.061,0.097,0.087,0.069,0.044,0.064,0.064,0.067,0.068,0.083,0.084,0.068,0.053,0.074,0.069,0.042,0.033,0.046,0.041,0.041,0.044,0.043,0.068,0.062,0.047,0.074,0.069,0.058,0.039,0.058,0.040,0.052,0.065,0.072,0.079,0.061,0.047,0.074,0.065,0.059,0.049,0.051,0.049,0.049,0.059,0.069,0.089,0.066,0.062,0.084,0.103,0.088,0.048,0.063,0.062,0.070,0.075,0.094,0.104,0.090,0.070,0.104,0.099,0.091,0.050,0.071,0.061,0.070,0.081,0.091,0.105,0.089,0.074,0.107,0.107,0.083,0.051,0.083,0.074,0.082,0.101,0.119,0.125,0.116,0.092,0.141,0.166,0.128,0.080,0.118,0.117,0.117,0.116,0.147,0.146,0.118,0.098,0.140,0.143,0.113
Brooklyn Heights,Brooklyn,neighborhood,0.056,0.050,0.097,0.089,0.097,0.111,0.089,0.076,0.129,0.165,0.079,0.032,0.107,0.062,0.091,0.089,0.106,0.100,0.073,0.053,0.155,0.108,0.063,0.022,0.079,0.063,0.071,0.053,0.090,0.070,0.089,0.030,0.064,0.073,0.040,0.021,0.021,0.008,0.050,0.040,0.016,0.045,0.011,0.049,0.073,0.076,0.034,0.086,0.091,0.025,0.064,0.051,0.029,0.050,0.033,0.026,0.122,0.037,0.062,0.065,0.000,0.023,0.061,0.068,0.112,0.101,0.070,0.078,0.124,0.055,0.083,0.033,0.069,0.097,0.070,0.044,0.158,0.102,0.070,0.040,0.121,0.115,0.104,0.040,0.082,0.051,0.057,0.139,0.125,0.116,0.074,0.071,0.155,0.180,0.090,0.039,0.067,0.077,0.167,0.223,0.176,0.131,0.070,0.107,0.160,0.172,0.109,0.059,0.159,0.041,0.123,0.112,0.135,0.134,0.097,0.066,0.106,0.162,0.060
Brookville,Queens,neighborhood,,,,,,,,,,,,,,,,,,,,,,,,,,,,,,,,,,,,,,,,,,,,,,,,,,,,,,,,,,,,,,,,,,,,,,,,,,,,,,,,,,,,,,,,,,0.077,0.118,,,,,,,,,,,,,0.062,,,,,,,,,,,,,,,
Brownsville,Brooklyn,neighborhood,,,,,,,,,,,,,,,,,,,,,,,,,,,,,,,,,,,,,,,,,,,,,,,,,,,,,,,,,,,,,0.056,,,,0.105,0.105,,,0.059,,,0.053,,,,,,0.160,,0.148,0.160,0.038,0.217,,0.000,0.000,0.087,,0.000,0.000,0.026,0.051,0.121,0.067,,,0.034,0.032,0.152,0.147,0.062,0.171,0.105,0.030,0.125,0.050,0.050,0.087,0.098,0.057,0.000,0.167,0.069,,0.036,0.107,0.069,0.061,0.071
Bushwick,Brooklyn,neighborhood,0.035,,,0.000,0.051,0.250,0.033,0.082,0.032,0.066,,0.016,0.016,0.065,0.066,,,0.108,0.045,0.014,0.029,0.053,0.054,0.014,0.016,0.061,0.015,0.000,0.030,0.069,0.054,0.019,0.000,0.073,0.000,0.017,0.017,0.021,0.000,0.022,0.000,0.030,0.067,0.000,0.057,0.184,0.073,0.024,0.056,0.039,0.054,0.069,0.057,0.068,0.103,0.086,0.133,0.071,0.120,0.079,0.077,0.060,0.073,0.031,0.099,0.135,0.096,0.094,0.091,0.133,0.080,0.047,0.107,0.053,0.037,0.057,0.138,0.175,0.154,0.098,0.182,0.120,0.098,0.071,0.135,0.080,0.076,0.113,0.132,0.159,0.110,0.143,0.184,0.108,0.073,0.033,0.088,0.083,0.125,0.082,0.133,0.101,0.130,0.076,0.187,0.238,0.195,0.120,0.101,0.126,0.129,0.076,0.140,0.153,0.135,0.116,0.134,0.137,0.166
Cambria Heights,Queens,neighborhood,,,,,,,,,,,,,,,,,,,,,,,,,,,,,,,,,,,,,,,,,,,,,,,,,,,,,,,,,,,,,,,0.091,,,,,,,,,,,,,,,,,,,,,,,,,,,0.040,0.133,0.034,,0.053,,0.067,,,0.062,,,0.130,0.125,,0.300,0.174,,0.056,,0.273,0.200,0.148,0.061,,0.071,0.000,,0.190,0.095
Canarsie,Brooklyn,neighborhood,0.143,,0.055,0.048,0.070,0.101,0.104,0.100,0.030,0.078,0.069,,0.075,0.079,0.069,0.082,0.068,0.154,0.062,0.153,0.053,0.062,0.100,0.086,0.042,0.097,0.028,0.083,0.103,0.086,0.044,0.063,0.016,0.058,0.048,0.024,0.044,0.051,0.093,0.043,0.061,0.043,0.023,0.095,0.154,0.064,0.045,0.000,0.023,0.025,0.062,0.038,0.082,0.113,0.133,0.062,0.048,0.052,0.023,0.044,0.084,0.102,0.079,0.018,0.026,0.043,0.019,0.038,0.020,0.061,0.030,0.011,0.036,0.056,0.058,0.064,0.042,0.050,0.032,0.095,0.048,0.056,0.052,0.055,0.055,0.034,0.052,0.077,0.047,0.084,0.085,0.019,0.060,0.028,0.063,0.050,0.051,0.033,0.055,0.052,0.051,0.046,0.056,0.072,0.080,0.129,0.096,0.051,0.090,0.102,0.073,0.062,0.051,0.049,0.044,0.030,0.056,0.077,0.087
Carroll Gardens,Brooklyn,neighborhood,0.104,0.032,0.000,0.040,0.046,0.043,0.080,0.087,0.228,0.047,0.046,0.046,0.047,0.044,0.061,0.080,0.155,0.111,0.122,0.145,0.103,0.115,0.051,0.030,0.075,0.019,0.081,0.087,0.107,0.082,0.130,0.105,0.048,0.039,0.000,0.000,0.023,0.024,0.065,0.023,0.056,0.118,0.075,0.023,0.095,0.082,0.050,0.031,0.029,0.033,0.147,0.056,0.051,0.091,0.068,0.000,0.143,0.088,0.065,0.000,0.043,0.043,0.041,0.093,0.154,0.169,0.086,0.031,0.141,0.139,0.192,0.033,,0.033,0.129,0.091,0.171,0.214,0.095,0.029,0.046,0.139,0.048,0.061,0.045,0.041,0.082,0.075,0.094,0.148,0.091,0.037,0.206,0.258,0.074,0.068,0.140,0.048,0.103,0.162,0.129,0.159,0.164,0.097,0.225,0.200,0.149,0.093,0.136,0.125,0.083,0.122,0.099,0.118,0.035,0.054,0.155,0.148,0.123
Castle Hill,Bronx,neighborhood,,,,,,,,,,,,,,,,,,,,,,,,,,,,,,,,,,,,,,,,,,,,,,,,,,,,,,,,,,,,,,,,,,,,,,,,,,,,,,,,,,,,,,,,,,,,,,,,,,,0.143,,,,,0.000,,,,,,,,,,0.083,,,,,
Central Harlem,Manhattan,neighborhood,0.046,0.050,0.099,0.088,0.064,0.092,0.101,0.069,0.093,0.086,0.057,0.053,0.033,0.053,0.093,0.078,0.062,0.079,0.031,0.047,0.055,0.069,0.047,0.048,0.081,0.075,0.084,0.062,0.036,0.056,0.052,0.068,0.089,0.046,0.038,0.021,0.029,0.007,0.014,0.028,0.022,0.036,0.025,0.037,0.032,0.077,0.027,0.016,0.026,0.020,0.035,0.024,0.033,0.042,0.042,0.035,0.069,0.062,0.045,0.036,0.037,0.017,0.028,0.053,0.053,0.054,0.065,0.035,0.059,0.074,0.092,0.054,0.090,0.068,0.099,0.082,0.060,0.087,0.049,0.089,0.060,0.068,0.100,0.030,0.053,0.090,0.066,0.088,0.085,0.110,0.094,0.064,0.092,0.078,0.102,0.042,0.075,0.110,0.087,0.105,0.121,0.131,0.123,0.071,0.177,0.190,0.108,0.074,0.111,0.088,0.113,0.114,0.157,0.147,0.131,0.134,0.123,0.178,0.138
Central Park South,Manhattan,neighborhood,0.058,0.058,0.073,0.087,0.084,0.096,0.109,0.088,0.086,0.121,0.100,0.024,0.094,0.086,0.080,0.066,0.132,0.126,0.098,0.054,0.120,0.157,0.074,0.069,0.110,0.082,0.075,0.089,0.055,0.065,0.040,0.048,0.079,0.062,0.075,0.038,0.000,0.050,0.037,0.085,0.075,0.065,0.118,0.056,0.059,0.081,0.074,0.045,0.087,0.031,0.043,0.013,0.041,0.091,0.111,0.041,0.105,0.042,0.104,0.059,0.101,0.027,0.064,0.103,0.154,0.118,0.108,0.066,0.127,0.165,0.049,0.014,0.108,0.105,0.094,0.087,0.143,0.182,0.085,0.045,0.100,0.112,0.159,0.071,0.145,0.099,0.171,0.081,0.163,0.122,0.105,0.075,0.120,0.152,0.103,0.049,0.062,0.064,0.089,0.183,0.131,0.130,0.063,0.088,0.098,0.135,0.089,0.058,0.092,0.099,0.163,0.137,0.175,0.094,0.080,0.080,0.120,0.093,0.011
Central Queens,Queens,submarket,0.104,0.069,0.068,0.083,0.085,0.068,0.084,0.061,0.078,0.116,0.064,0.047,0.042,0.045,0.076,0.082,0.091,0.115,0.096,0.079,0.126,0.129,0.095,0.068,0.083,0.070,0.100,0.069,0.078,0.100,0.102,0.064,0.069,0.101,0.056,0.058,0.079,0.030,0.068,0.060,0.054,0.054,0.071,0.043,0.055,0.070,0.051,0.049,0.050,0.028,0.052,0.042,0.076,0.070,0.060,0.057,0.066,0.073,0.038,0.048,0.043,0.041,0.023,0.040,0.041,0.037,0.064,0.068,0.056,0.083,0.051,0.033,0.049,0.029,0.047,0.034,0.052,0.049,0.075,0.058,0.086,0.070,0.063,0.029,0.062,0.047,0.063,0.064,0.072,0.062,0.082,0.089,0.089,0.090,0.077,0.052,0.066,0.066,0.068,0.096,0.104,0.101,0.120,0.119,0.140,0.161,0.109,0.068,0.109,0.086,0.099,0.099,0.129,0.128,0.116,0.107,0.132,0.140,0.120
Chelsea,Manhattan,neighborhood,0.092,0.059,0.088,0.096,0.106,0.111,0.104,0.057,0.149,0.118,0.113,0.043,0.103,0.086,0.133,0.115,0.156,0.109,0.074,0.066,0.124,0.143,0.091,0.037,0.108,0.081,0.076,0.074,0.066,0.062,0.060,0.079,0.111,0.072,0.082,0.020,0.073,0.052,0.082,0.071,0.055,0.064,0.053,0.060,0.070,0.131,0.082,0.018,0.071,0.060,0.070,0.054,0.081,0.085,0.077,0.034,0.098,0.054,0.065,0.036,0.062,0.061,0.088,0.070,0.117,0.083,0.077,0.041,0.144,0.112,0.105,0.047,0.145,0.098,0.127,0.112,0.154,0.160,0.100,0.079,0.172,0.166,0.101,0.069,0.154,0.122,0.107,0.142,0.169,0.112,0.131,0.083,0.164,0.129,0.144,0.028,0.146,0.072,0.102,0.141,0.137,0.160,0.125,0.078,0.172,0.212,0.135,0.070,0.171,0.116,0.118,0.123,0.166,0.145,0.116,0.077,0.209,0.190,0.108
Chinatown,Manhattan,neighborhood,,,,,,,,,,,,,,,,,,,,,,,,,,,0.684,0.000,,,,,,,,,0.071,,,0.056,,,,,,,,,,,,,,,,,,,,,,,,,,,,,,,,,,,,,,,,,,,,,,,,,,,,,,,,,,,,,,,,,,,,,,,,,,,,,,,
City Island,Bronx,neighborhood,,,,,,,,,,,,,,,,,,,,,,,,,,,,,,,,,,,,,,,,,,,,,,,,,,,,,,,,,,,,,,,,,,,,,,,,,,,,,0.053,,0.143,,,,,,,,,,,,0.176,,,,,,,,,,,,0.095,,,,,,0.000,,,0.167,,,,,0.000,,0.263
Civic Center,Manhattan,neighborhood,,,0.067,,,,,,,,,,,,,,,,,,,,,,,,,,,,,,,,,,,,,,,,,,,,,,,,,,,,,,,,,,,,,,,,,,,,,,,,,,,,,,,,,,,,,,,,,,,,,,,,,,,,,,,,,,,,,,,,,,,,
Clearview,Queens,neighborhood,,,,,,,,,,,,,,,,,,,,,,,,,,,,,,,,,,,,,,,,,,,,,,,,,,,,,,,,,,,,,,,,,,,,,,,0.133,,,,,,,,,,,,,,,,,,,0.211,,,,,,0.000,,0.000,,0.375,,0.062,0.000,,,0.053,,,,,,,,,,,,,
Clinton Hill,Brooklyn,neighborhood,0.105,0.078,0.173,0.069,0.108,0.138,0.112,0.124,0.189,0.107,0.059,0.047,0.105,0.066,0.090,0.060,0.083,0.110,0.113,0.107,0.071,0.110,0.089,0.031,0.096,0.020,0.052,0.080,0.098,0.054,0.056,0.022,0.087,0.059,0.065,0.027,0.057,0.013,0.014,0.010,0.082,0.044,0.033,0.000,0.080,0.054,0.093,0.028,0.072,0.014,0.038,0.062,0.061,0.076,0.047,0.040,0.056,0.050,0.058,0.041,0.033,0.072,0.096,0.059,0.062,0.174,0.088,0.051,0.048,0.110,0.111,0.033,0.084,0.066,0.073,0.095,0.092,0.089,0.091,0.085,0.092,0.091,0.182,0.033,0.103,0.035,0.081,0.080,0.076,0.103,0.141,0.041,0.103,0.110,0.092,0.049,0.078,0.046,0.056,0.121,0.184,0.145,0.156,0.081,0.124,0.165,0.176,0.104,0.088,0.063,0.090,0.114,0.157,0.162,0.080,0.082,0.162,0.163,0.144
Co-op City,Bronx,neighborhood,,,,,,,,,,,,,,,,,,,,,,,,,,,,,,,,,,,,,,,,,,,,,,,,,,,,,,,,,,,,,,,,,,,,,,,,,,,,,,,,,,,,,,,,,,,,,,,,,,,,,,,,,,,,,,,,,,,,,,,
Cobble Hill,Brooklyn,neighborhood,0.073,0.053,0.105,0.020,0.091,0.118,0.054,,0.154,0.118,0.077,0.019,0.047,0.088,0.095,0.047,0.125,0.032,0.016,0.016,0.039,0.067,0.073,0.012,0.047,0.042,0.030,0.023,0.060,0.024,0.063,0.019,0.130,0.038,0.043,,0.023,0.000,0.000,0.000,0.000,0.212,0.000,0.050,0.071,0.119,0.000,,0.069,0.033,0.057,0.081,0.111,0.094,0.034,0.040,0.059,0.028,0.000,0.045,0.000,0.118,0.000,0.097,0.059,0.029,0.129,0.091,0.074,0.147,0.074,0.125,,0.043,0.032,0.129,0.125,0.211,0.125,0.040,0.114,0.079,0.071,0.000,0.200,0.080,0.200,0.054,0.020,0.095,0.081,0.030,0.111,0.041,0.044,0.000,0.031,0.114,0.029,0.075,0.116,0.216,,0.115,0.075,0.078,0.022,0.000,0.103,0.111,0.149,0.148,0.159,0.158,0.075,0.019,0.079,0.132,0.102
College Point,Queens,neighborhood,,,,0.071,,,0.000,,0.059,,0.071,,,,,,,,,,,,,,,,,0.214,,,,,,,,,,,,,,,,,,,,,,,,,,,,,,,,,,,,,,,,,,,,,,,,,,,,,,,,,,,,,,0.000,0.050,0.000,,,0.105,,,,0.083,0.115,0.222,0.125,,0.147,0.156,0.219,0.182,0.111,0.143,,0.190,0.075,0.175,0.067,0.035,0.093,0.143,0.167,0.071
Columbia St Waterfront District,Brooklyn,neighborhood,,,,0.000,0.097,,0.054,0.023,0.071,0.065,0.000,,0.000,0.047,0.000,0.125,0.160,,0.353,,0.167,,,,,0.125,0.125,,,0.080,,,0.103,0.067,,0.105,,,,,0.118,0.200,0.000,,0.045,0.000,0.000,,,,,0.095,0.095,,,,,0.143,,,,0.000,0.000,0.125,0.000,0.062,,,0.182,0.048,,,0.118,,,0.056,,0.111,,,0.125,0.250,,,,,0.235,0.421,0.167,0.250,,,,0.158,0.118,,,,0.111,0.143,0.083,0.219,,0.040,0.036,0.344,,,0.227,,0.148,0.071,0.158,0.125,0.103,0.040,0.250,0.318,0.100
Concourse,Bronx,neighborhood,,,0.054,0.095,0.125,0.075,0.051,0.075,0.048,0.077,,,,,0.054,0.079,0.075,0.156,0.138,,,0.167,,0.048,,,,0.038,,0.074,0.250,0.103,,,,0.107,0.000,0.000,,,0.000,0.034,0.148,,0.179,,0.118,0.000,0.103,0.059,,0.083,0.000,0.034,0.037,0.037,0.000,0.125,,0.083,0.174,0.038,0.125,0.087,0.107,0.103,0.103,0.029,0.067,0.071,0.000,0.091,0.000,,0.000,,0.000,0.059,0.000,0.000,0.036,,0.200,,0.000,0.038,0.032,0.000,0.114,0.034,0.032,0.031,0.156,0.121,0.000,0.130,0.148,,0.000,0.167,0.086,0.136,0.227,0.091,0.128,0.184,0.050,0.000,0.278,0.067,0.111,0.097,0.194,0.086,0.139,0.176,0.050,0.194,0.229
Coney Island,Brooklyn,neighborhood,,,,,,,0.000,,,,,,,,,,,,,,,,,,,,,,,,,,,,,,,,,,,,,0.000,,0.000,,,0.088,,0.042,0.107,0.071,0.167,0.100,0.000,0.000,0.214,0.222,,,0.000,0.148,0.071,0.073,0.205,0.079,0.051,0.114,0.147,0.138,0.077,0.059,0.133,0.054,0.077,0.083,0.056,0.097,0.054,0.167,0.023,0.000,0.020,0.137,0.061,0.104,0.152,0.258,0.048,0.141,0.065,0.164,0.286,0.175,0.167,0.179,0.048,0.111,0.068,0.099,0.215,0.129,0.235,0.157,0.171,0.191,0.129,0.138,0.186,0.167,0.109,0.032,0.141,0.083,0.191,0.039,0.171,0.067
Corona,Queens,neighborhood,,,,,,,,,,,,,,,,,,,,,,,,,,,,,,,,,,,,,,,,,,,,,,,,,,,,,,,,,,,,,,,,,,,,,,,,,,,,,,,,,,,,,,,,,,0.042,0.071,0.000,,,,,0.045,0.048,0.097,0.065,0.032,0.053,0.081,0.029,,0.083,0.143,,,0.040,0.120,0.111,0.000,0.143,0.000,0.059,0.114,0.125,0.097
Country Club,Bronx,neighborhood,,,,,,,,,,,,,,,,,,,,,,,,,,,,,,,,,,,,,,,,,,,,,,,,,,,,,,,,,,,,,,,,,,,,,,,,,,,,,,,,,,,,,,,,,,,,,,,,,,,,,,,,,,,,,,,,,,,,,,,
Crotona Park East,Bronx,neighborhood,,,,,,,,,,,,,,,,,,,,,,,,,,,,,,,,,,,,,,,,,,,,,,,,,,,,,,,,,,,,,,,,,,,,,,,,,,,,,,,,,,,,,,,,,,,,,,,,,,,,,,,,,,,,,,,,,,,,,,,
Crown Heights,Brooklyn,neighborhood,0.109,0.053,0.016,0.048,0.071,0.099,0.083,0.015,0.109,0.169,0.035,0.098,0.085,0.016,0.051,0.115,0.007,0.026,0.015,0.018,0.101,0.026,0.056,0.044,0.062,0.071,0.099,0.052,0.038,0.064,0.081,0.075,0.095,0.036,0.070,0.058,0.027,0.054,0.032,0.025,0.041,0.036,0.111,0.119,0.029,0.083,0.014,0.056,0.062,0.014,0.038,0.071,0.032,0.100,0.041,0.022,0.110,0.038,0.077,0.086,0.031,0.022,0.060,0.057,0.043,0.051,0.140,0.099,0.176,0.063,0.135,0.069,0.054,0.077,0.077,0.077,0.134,0.140,0.090,0.035,0.101,0.131,0.109,0.045,0.108,0.104,0.077,0.109,0.086,0.163,0.071,0.065,0.085,0.121,0.083,0.067,0.119,0.064,0.062,0.085,0.118,0.163,0.181,0.079,0.171,0.152,0.135,0.065,0.062,0.121,0.119,0.097,0.122,0.133,0.124,0.095,0.221,0.196,0.105
DUMBO,Brooklyn,neighborhood,0.183,0.048,0.123,0.159,0.114,0.155,0.067,0.123,0.103,0.186,0.100,0.040,0.149,0.029,0.058,0.131,0.099,0.080,0.047,0.053,0.167,0.058,0.059,0.018,0.034,0.042,0.023,0.030,0.050,0.049,0.022,0.043,0.053,0.020,0.000,0.000,0.029,0.000,0.000,0.000,0.018,0.049,0.098,0.022,0.023,0.106,0.026,,0.000,0.000,0.083,0.034,0.031,0.056,0.000,0.037,0.030,0.000,0.111,0.053,0.034,0.014,0.066,0.015,0.079,0.040,0.027,0.043,0.047,0.146,0.063,0.038,0.050,0.060,0.033,0.072,0.110,0.110,0.063,0.015,0.061,0.108,0.102,,0.102,0.062,0.045,0.114,0.162,0.129,0.200,0.105,0.163,0.060,0.278,0.000,0.138,0.103,0.132,0.087,0.113,0.163,0.111,0.079,0.163,0.239,0.044,,0.054,0.167,0.189,0.167,0.217,0.127,0.125,0.042,0.082,0.108,0.039
Ditmas Park,Brooklyn,neighborhood,0.031,0.036,0.037,0.072,0.023,0.139,0.027,0.000,0.113,0.058,0.045,0.062,0.042,0.130,0.062,0.092,0.098,0.064,0.028,0.100,0.053,0.118,0.079,0.067,0.016,0.036,0.062,0.062,0.109,0.127,0.174,0.083,0.075,0.045,0.000,0.069,0.062,0.094,0.000,0.056,0.000,0.056,0.086,0.143,0.147,0.026,0.033,0.136,0.000,,0.040,0.000,0.027,0.062,0.067,0.167,0.158,0.079,0.033,0.000,0.038,0.031,0.029,0.000,0.179,0.026,0.073,0.097,0.114,0.169,0.077,0.044,0.054,0.026,0.067,0.024,0.104,0.167,0.170,0.098,0.040,0.137,0.200,0.083,0.077,0.114,0.146,0.111,0.145,0.061,0.064,0.065,0.042,0.152,0.119,0.029,0.243,0.028,0.087,0.163,0.196,0.094,0.151,0.089,0.209,0.224,0.102,0.116,0.171,0.111,0.065,0.090,0.135,0.159,0.091,0.046,0.135,0.171,0.104
Douglaston,Queens,neighborhood,,,,,,,,,,,,,,,,,,,,,,,,,,,,,,,,,,,,,,,,,,,,,,,,,0.000,,,0.083,,,,,,,,,,0.000,0.158,0.111,,,,,0.038,,,,,,,0.185,,0.129,,,,,0.040,,,,,0.105,0.095,0.051,0.200,0.057,0.043,0.154,0.130,0.045,0.048,0.150,,0.040,0.133,0.133,0.118,0.121,0.182,0.125,0.083,,0.229,0.040,0.267,0.171,0.086,0.152,0.167,0.037,0.087,0.269,
Downtown Brooklyn,Brooklyn,neighborhood,0.037,0.047,0.049,0.126,0.102,0.071,0.060,0.016,0.073,0.034,0.057,0.023,0.026,0.028,0.057,0.034,0.061,0.072,0.025,0.036,0.035,0.041,0.043,0.013,0.023,0.006,0.041,0.023,0.050,0.026,0.018,0.021,0.023,0.032,0.012,0.026,0.074,0.037,0.026,0.045,0.000,0.028,0.039,0.031,0.033,0.016,0.067,0.023,0.024,0.000,0.000,0.024,0.033,0.063,0.054,0.010,0.036,0.061,0.017,0.020,0.000,0.000,0.010,0.048,0.097,0.080,0.028,0.044,0.056,0.094,0.224,0.086,0.143,0.106,0.105,0.157,0.130,0.069,0.107,0.028,0.041,0.075,0.044,0.025,0.044,0.051,0.028,0.045,0.048,0.009,0.052,0.029,0.041,0.052,0.056,0.018,0.060,0.051,0.032,0.023,0.099,0.090,0.089,0.026,0.119,0.089,0.051,0.035,0.087,0.074,0.091,0.108,0.098,0.113,0.035,0.032,0.072,0.087,0.036
Dyker Heights,Brooklyn,neighborhood,,,,,,,,,,,,,,0.133,,,,,,,,,,,,,,,,,,,,,,,,,,,,,,,,,,,0.000,,0.150,,0.000,,,,0.059,0.118,0.000,,0.059,,0.050,0.042,,0.048,0.200,,0.217,,,,,0.125,0.118,0.039,0.041,0.088,0.059,0.180,0.039,0.133,0.115,0.094,0.060,0.082,0.128,0.043,0.146,0.075,0.071,0.115,0.108,0.111,0.049,0.065,0.175,0.063,0.130,0.146,0.132,0.218,0.159,0.079,0.133,0.145,0.228,0.075,0.171,0.195,0.133,0.190,0.191,0.120,0.101,0.131,0.153,0.162,0.162
East Brooklyn,Brooklyn,submarket,0.079,0.041,0.046,0.049,0.085,0.108,0.073,0.049,0.071,0.093,0.053,0.074,0.045,0.042,0.052,0.072,0.028,0.060,0.046,0.034,0.090,0.063,0.052,0.031,0.037,0.049,0.043,0.032,0.027,0.048,0.064,0.069,0.048,0.048,0.038,0.037,0.024,0.032,0.013,0.015,0.009,0.032,0.054,0.047,0.070,0.075,0.059,0.055,0.054,0.053,0.050,0.067,0.060,0.068,0.058,0.060,0.089,0.075,0.075,0.068,0.077,0.046,0.058,0.077,0.062,0.084,0.075,0.099,0.139,0.127,0.103,0.058,0.089,0.059,0.070,0.057,0.114,0.134,0.120,0.076,0.134,0.122,0.114,0.074,0.089,0.080,0.073,0.067,0.079,0.104,0.079,0.094,0.117,0.113,0.090,0.064,0.086,0.061,0.084,0.087,0.107,0.113,0.129,0.097,0.153,0.188,0.157,0.092,0.108,0.116,0.111,0.103,0.147,0.150,0.132,0.098,0.153,0.137,0.131
East Elmhurst,Queens,neighborhood,,,,,,,,,,,,,,,,,,,,,,,,,,,,,,,,,,,,,,,,,,,,,,,,,,,,,,,,,,,,,,,,,,,,,,,,,,,,,,,,,,,,,,,,,,0.000,0.000,0.040,,0.000,,,,,0.059,0.050,0.000,,,0.143,,,,,,,,,,,,,0.125,0.294,
East Flatbush,Brooklyn,neighborhood,0.325,,0.020,0.071,0.066,0.088,0.099,0.058,0.119,0.044,0.101,0.079,0.087,0.101,0.137,0.056,0.151,0.083,0.034,0.114,0.110,0.105,0.079,0.079,0.072,0.138,0.113,0.041,0.080,0.073,0.097,0.121,0.140,0.071,0.117,0.068,0.013,0.042,0.078,0.092,0.053,0.043,0.046,0.016,0.036,0.065,0.036,,0.045,0.057,0.041,0.043,0.101,0.060,0.103,0.062,0.073,0.036,0.081,0.091,0.032,0.064,0.043,0.083,0.019,0.049,0.030,0.011,0.021,0.091,0.074,0.038,0.011,0.057,0.053,0.057,0.025,0.031,0.087,0.065,0.017,0.063,0.064,0.074,0.089,0.056,0.058,0.067,0.030,0.084,0.037,0.029,0.070,0.058,0.074,0.032,0.083,0.070,0.080,0.093,0.119,0.080,0.087,0.097,0.099,0.117,0.116,0.066,0.117,0.109,0.085,0.108,0.116,0.095,0.087,0.040,0.092,0.101,0.059
East Harlem,Manhattan,neighborhood,0.039,0.047,0.168,0.147,0.046,0.155,0.102,0.133,0.171,0.149,0.036,0.000,0.026,0.110,0.158,0.104,0.076,0.073,0.109,0.031,0.069,0.074,0.081,0.011,0.044,0.062,0.050,0.086,0.143,0.060,0.038,0.024,0.047,0.029,0.022,0.019,0.040,0.010,0.023,0.022,0.034,0.047,0.042,0.000,0.017,0.019,0.130,0.038,0.057,0.054,0.054,0.069,0.033,0.061,0.075,0.158,0.125,0.075,0.067,0.000,0.000,0.000,,0.000,0.098,0.000,0.060,0.000,0.000,0.087,0.030,0.000,0.139,0.031,0.045,0.059,0.017,0.033,0.038,0.016,0.074,0.065,0.041,0.000,0.044,0.035,0.061,0.000,0.036,0.093,0.111,0.021,0.069,0.103,0.113,,0.074,0.077,0.129,0.094,0.081,0.288,0.175,0.172,0.094,0.192,0.188,0.049,0.158,0.113,0.191,0.113,0.183,0.234,0.151,0.100,0.154,0.115,0.053
East New York,Brooklyn,neighborhood,0.023,,,,0.070,,0.026,0.027,0.029,,,,,0.043,0.053,,,0.024,0.095,0.021,0.062,0.082,0.019,0.038,0.000,0.053,0.026,,0.000,0.075,0.049,0.095,0.047,0.045,0.015,0.031,0.027,0.034,0.011,0.013,0.000,0.011,0.022,0.023,0.013,0.025,0.027,0.042,0.000,0.035,0.045,0.103,0.029,0.029,0.039,0.049,0.048,0.054,0.030,0.050,0.041,0.059,0.019,0.027,0.040,0.031,0.033,0.024,0.037,0.033,0.063,0.000,0.025,0.052,0.053,0.010,0.137,0.045,0.141,0.041,0.089,0.059,0.096,0.087,0.051,0.093,0.107,0.027,0.062,0.075,0.079,0.096,0.068,0.050,0.084,0.076,0.044,0.069,0.061,0.059,0.075,0.050,0.089,0.139,0.136,0.178,0.108,0.057,0.099,0.097,0.073,0.130,0.130,0.087,0.084,0.077,0.110,0.096,0.103
East Tremont,Bronx,neighborhood,,,,,,,,,,,,,,,,,,,,,,,,,,,0.000,,,,,,,,,,,,,,,,,,,,,,,,,,,,,,,,,,,,,,,,,,,,,,,,,,,,,,,,,,,,,,,,,,,,,,,,,,,,,,,,,,,,,,,,,,,,
East Village,Manhattan,neighborhood,0.108,0.090,0.130,0.114,0.113,0.158,0.095,0.107,0.108,0.139,0.148,0.075,0.127,0.056,0.106,0.095,0.120,0.088,0.119,0.047,0.146,0.233,0.121,0.079,0.161,0.128,0.137,0.114,0.192,0.114,0.126,0.089,0.117,0.052,0.079,0.049,0.079,0.031,0.048,0.104,0.156,0.092,0.071,0.060,0.057,0.162,0.096,0.110,0.086,0.059,0.111,0.075,0.083,0.148,0.106,0.042,0.109,0.115,0.055,0.043,0.070,0.108,0.099,0.042,0.048,0.066,0.082,0.033,0.070,0.118,0.141,0.079,0.082,0.100,0.053,0.072,0.125,0.113,0.092,0.083,0.127,0.098,0.103,0.038,0.130,0.096,0.066,0.095,0.112,0.124,0.076,0.064,0.123,0.127,0.101,0.000,0.067,0.074,0.060,0.078,0.129,0.131,0.135,0.056,0.212,0.171,0.185,0.082,0.133,0.092,0.103,0.114,0.110,0.143,0.132,0.073,0.188,0.149,0.113
Eastchester,Bronx,neighborhood,,,,,,,,,,,,,,,,,,,,,,,,,,,,,,,,,,,,,,,,,,,,,,,,,,,,,,,,,,,,,,,,,,,,,,,,,,,,,,,,,,,,,,,,,,,,,,,,,,,,,,,,,,,,,,,,,,,,,,,
Edenwald,Bronx,neighborhood,,,,,,,,,,,,,,,,,,,,,,,,,,,,,,,,,,,,,,,,,,,,,,,,,,,,,,,,,,,,,,,0.429,,,,,,,,,,,,,,,,,,,,,,,,,,,,,,,,,,,,,,,,,,,0.364,,,,0.059,0.158,0.176,,,,,,,
Elmhurst,Queens,neighborhood,,,,,,0.000,,,,,,,,,,,,,,,,,,,,,,0.045,0.160,,,0.172,,,,,,,,,,,,,,,,0.000,,,,,,,0.087,,,,0.057,0.038,,0.000,0.053,,0.000,0.000,0.038,0.000,0.000,,,0.000,,0.000,0.125,,0.000,,,,0.118,0.000,,,,,0.000,,0.059,0.062,0.091,0.068,0.048,0.000,0.029,0.000,0.036,0.032,0.028,0.045,0.085,0.034,0.048,0.038,0.047,0.118,0.071,0.057,0.091,0.092,0.093,0.089,0.099,0.163,0.054,0.081,0.091,0.097,0.100
Financial District,Manhattan,neighborhood,0.060,0.048,0.070,0.076,0.084,0.123,0.063,0.054,0.063,0.077,0.045,0.017,0.049,0.032,0.096,0.043,0.088,0.097,0.055,0.052,0.057,0.117,0.050,0.033,0.085,0.047,0.079,0.068,0.077,0.054,0.074,0.045,0.079,0.069,0.043,0.035,0.087,0.050,0.051,0.065,0.061,0.053,0.032,0.048,0.078,0.061,0.063,0.035,0.026,0.049,0.038,0.064,0.097,0.081,0.047,0.063,0.065,0.072,0.036,0.034,0.052,0.047,0.053,0.060,0.051,0.054,0.046,0.058,0.053,0.096,0.068,0.017,0.038,0.031,0.076,0.064,0.090,0.074,0.070,0.065,0.116,0.106,0.119,0.058,0.071,0.099,0.109,0.080,0.108,0.162,0.120,0.062,0.141,0.134,0.125,0.052,0.154,0.129,0.092,0.124,0.172,0.179,0.136,0.091,0.136,0.138,0.080,0.082,0.106,0.119,0.120,0.108,0.166,0.131,0.122,0.095,0.118,0.131,0.116
Flatbush,Brooklyn,neighborhood,0.079,0.070,0.246,0.100,0.086,0.080,0.172,0.012,0.088,0.080,0.116,0.041,0.155,0.128,0.063,0.122,0.091,0.148,0.053,0.056,0.092,0.075,0.029,0.077,0.066,0.017,0.113,0.044,0.140,0.095,0.049,0.056,0.047,0.073,0.098,0.045,0.022,0.023,0.000,0.048,0.000,0.000,0.024,0.000,0.031,0.056,0.059,0.033,0.031,0.031,0.118,0.062,0.024,0.025,0.050,0.023,0.080,0.078,0.020,0.000,0.024,0.089,0.020,0.036,0.017,0.017,0.016,0.053,0.078,0.106,0.036,0.040,0.054,0.101,0.092,0.128,0.028,0.093,0.037,0.053,0.069,0.085,0.085,0.015,0.032,0.016,0.029,0.042,0.051,0.013,0.044,0.000,0.063,0.067,0.000,0.014,0.014,0.062,0.087,0.140,0.097,0.051,0.041,0.100,0.198,0.105,0.066,0.075,0.142,0.095,0.121,0.113,0.106,0.149,0.195,0.077,0.143,0.143,0.121
Flatiron,Manhattan,neighborhood,0.062,0.075,0.062,0.072,0.064,0.094,0.071,0.064,0.091,0.091,0.123,0.039,0.117,0.061,0.054,0.087,0.098,0.109,0.107,0.050,0.102,0.130,0.070,0.044,0.053,0.065,0.052,0.092,0.059,0.052,0.057,0.036,0.045,0.107,0.068,0.035,0.077,0.029,0.028,0.039,0.025,0.028,0.029,0.031,0.060,0.065,0.079,0.039,0.056,0.091,0.030,0.086,0.093,0.087,0.043,0.011,0.052,0.062,0.047,0.028,0.055,0.041,0.071,0.048,0.065,0.085,0.061,0.048,0.078,0.109,0.089,0.058,0.065,0.075,0.106,0.110,0.143,0.101,0.086,0.085,0.102,0.131,0.089,0.036,0.118,0.061,0.079,0.122,0.093,0.095,0.074,0.051,0.151,0.101,0.077,0.022,0.099,0.117,0.064,0.143,0.189,0.134,0.093,0.056,0.190,0.206,0.138,0.068,0.144,0.108,0.164,0.131,0.154,0.113,0.117,0.060,0.166,0.169,0.077
Flatlands,Brooklyn,neighborhood,,,,,,,,0.059,,,,,,0.125,,,,0.222,,,,0.042,,,,,0.130,,,0.095,,,0.050,0.200,,,,,,,,,,0.000,,0.056,,,,,,,0.105,,,,,0.000,,0.056,,0.026,0.047,0.023,0.103,0.100,0.070,0.048,0.048,0.020,0.085,0.077,,0.039,0.000,0.020,0.040,0.023,0.000,0.023,0.027,0.100,0.000,,0.000,,0.000,,0.074,0.111,0.061,0.125,0.027,0.031,0.135,,0.087,0.089,0.045,0.021,0.085,0.077,0.065,0.067,0.184,0.075,0.103,0.080,0.147,0.054,0.081,0.042,0.222,0.140,0.154,0.071,0.184,0.056,0.037
Floral Park,Queens,neighborhood,,,,,,,,,,,,,,,,,,,,,,,,,,,,,,,,,,,,,,,,,,,,,,,,,,,,,,,,,,,,,,,,,,,,,,,,,,,,,,,,,,,,,,,,,,,,,,,,,,,,,,,,,,,,,,,,,,,,,,,
Flushing,Queens,neighborhood,0.044,0.011,0.034,0.022,0.075,0.029,0.151,0.053,0.040,0.231,0.068,0.021,0.011,0.033,0.060,0.030,0.082,0.094,0.068,0.090,0.079,0.036,0.061,0.038,0.014,0.013,0.034,0.000,0.000,0.000,0.020,0.012,0.036,0.031,0.018,0.000,0.019,0.000,0.000,0.000,0.051,0.033,0.000,0.000,0.027,0.000,0.062,0.000,,0.000,0.000,0.023,0.056,0.037,0.010,0.027,0.009,0.019,0.000,0.020,0.021,0.020,0.000,0.026,0.058,0.076,0.071,0.021,0.063,0.044,0.034,0.045,0.009,0.040,0.013,0.028,0.053,0.071,0.109,0.017,0.016,0.047,0.024,0.025,0.026,0.021,0.013,0.019,0.026,0.032,0.080,0.036,0.041,0.100,0.088,0.000,0.050,0.044,0.059,0.012,0.070,0.042,0.072,0.100,0.071,0.071,0.077,0.033,0.048,0.077,0.101,0.113,0.107,0.122,0.082,0.059,0.081,0.075,0.051
Fordham,Bronx,neighborhood,,,,,,,,,,,,,,,,,,,,,,,,,,,,,,,,,,,,,,,,,,,,,,,,,,,,,,,,,,,,,,,,,,,,,,,,,,,,,,,,,,,,,,,,,,,,,,,,,,,,,,,,,,,,,,,,,,,,,,,
Forest Hills,Queens,neighborhood,0.055,0.038,0.088,0.049,0.045,0.045,0.109,0.042,0.033,0.130,0.070,0.048,0.035,0.057,0.101,0.076,0.103,0.128,0.117,0.097,0.100,0.124,0.083,0.071,0.071,0.075,0.104,0.069,0.083,0.085,0.122,0.069,0.088,0.114,0.074,0.090,0.116,0.026,0.085,0.074,0.073,0.047,0.081,0.043,0.101,0.116,0.063,0.064,0.065,0.021,0.035,0.033,0.105,0.105,0.075,0.075,0.061,0.064,0.027,0.060,0.049,0.041,0.025,0.049,0.026,0.046,0.080,0.098,0.029,0.100,0.034,0.029,0.052,0.041,0.038,0.030,0.059,0.058,0.083,0.063,0.084,0.047,0.047,0.042,0.043,0.035,0.083,0.068,0.070,0.074,0.084,0.104,0.079,0.102,0.068,0.068,0.060,0.058,0.053,0.111,0.117,0.091,0.104,0.135,0.139,0.135,0.100,0.081,0.106,0.074,0.077,0.089,0.111,0.124,0.111,0.092,0.131,0.131,0.127
Fort Greene,Brooklyn,neighborhood,0.073,0.113,0.057,0.058,0.149,0.059,0.072,0.141,0.121,0.159,0.079,0.036,0.125,0.031,0.023,0.033,0.057,0.070,0.120,0.086,0.058,0.043,0.091,0.098,0.033,0.045,0.103,0.072,0.130,0.125,0.158,0.014,0.037,0.047,0.029,0.016,0.000,0.000,0.000,0.000,0.017,0.038,0.074,0.020,0.114,0.082,0.000,0.027,0.000,0.029,0.026,0.102,0.022,0.023,0.100,0.078,0.153,0.076,0.061,0.000,0.048,0.065,0.040,0.035,0.099,0.047,0.096,0.000,0.074,0.125,0.119,0.034,0.073,0.069,0.119,0.034,0.072,0.056,0.119,0.000,0.113,0.016,0.094,0.061,0.067,0.023,0.071,0.023,0.128,0.130,0.062,0.075,0.102,0.071,0.190,0.027,0.086,0.075,0.067,0.149,0.111,0.169,0.145,0.042,0.259,0.323,0.196,0.118,0.135,0.151,0.107,0.119,0.231,0.179,0.169,0.077,0.137,0.236,0.196
Fresh Meadows,Queens,neighborhood,,,,,,,,,,,,,,,,,,,,,,,,,,,,,,,,,,,,,,,,,,,,,,,,,,,,,,,,,,,,,,,,,,,,,,,,,,,,,,,,,,,,,,,,,,,,0.050,,,,,,,,0.214,,,,,,,,,,,0.056,,,,0.111,,,,0.056
Gerritsen Beach,Brooklyn,neighborhood,,,,,,,,,,,,,,,,,,,,,,,,,,,,,,,,,,,,,,,,,,,,,,,,,,,,,,,,,,,,,,,,,,,,,,,,,,,,0.188,,,,,,,,,,,,,,,0.071,,0.087,,,,,,0.048,,0.043,0.111,0.062,0.029,0.067,0.067,,,0.034,0.111,0.167,0.100,0.324,0.140,0.333,0.275,0.119,0.111,0.049
Glen Oaks,Queens,neighborhood,,,,,,,,,,,,,,,,,,,,,,,,,,,,,,,,,,,,0.071,0.000,,,,,,,,0.000,,,,,,,,,,,,,,,,,0.062,0.000,0.034,,0.094,0.065,0.103,0.208,,,,,,,0.042,0.067,0.000,0.000,0.031,,0.217,0.091,,,,0.136,0.091,0.065,0.069,0.080,0.043,0.200,0.188,,,0.048,,,,0.136,,,,,0.211,,,,,0.133,,,,,,,,
Glendale,Queens,neighborhood,,,,,,,,,,,,,,,,,,,,,,,,,,,,,,,,,,,,,,,,,,,,,,,,,,,,,,,,,,,,,,,,,,,,,,,,,,,,,0.050,0.045,0.053,,0.118,,,,,,0.120,,0.031,0.040,0.100,0.151,0.136,0.079,0.048,0.000,0.104,0.109,0.132,0.094,0.120,0.038,0.143,0.118,0.190,0.188,0.186,0.075,0.100,0.115,0.083,0.200,0.101,0.080,0.174,0.105,0.197,0.186,0.135
Gowanus,Brooklyn,neighborhood,0.022,0.136,0.007,0.054,0.023,0.052,0.017,0.051,0.047,0.000,,,0.027,0.014,0.017,0.000,0.055,0.019,,0.021,,0.023,0.093,0.062,0.061,,0.042,0.154,,,,,,,,,,,0.077,,,,0.000,,,,,,,0.000,0.095,0.048,0.133,,,0.062,0.000,,,,,,0.059,0.067,,,,,,0.000,0.077,,,0.214,0.000,0.077,0.167,0.200,,,,,,0.053,,,0.091,0.111,,0.048,0.111,,0.211,0.208,0.000,,0.067,,0.030,0.032,0.051,0.093,0.116,0.139,0.091,0.147,0.074,,0.077,0.077,0.094,0.152,0.147,0.162,0.111,,0.100,0.098,0.021
Gramercy Park,Manhattan,neighborhood,0.077,0.122,0.107,0.122,0.151,0.079,0.127,0.053,0.204,0.136,0.121,0.042,0.124,0.108,0.094,0.107,0.118,0.116,0.069,0.065,0.111,0.144,0.131,0.027,0.103,0.071,0.083,0.072,0.071,0.073,0.072,0.052,0.086,0.049,0.047,0.029,0.081,0.033,0.110,0.109,0.050,0.109,0.090,0.045,0.155,0.129,0.098,0.086,0.077,0.053,0.060,0.101,0.097,0.082,0.026,0.031,0.128,0.139,0.075,0.023,0.043,0.014,0.048,0.065,0.037,0.062,0.093,0.071,0.110,0.139,0.079,0.047,0.100,0.086,0.074,0.071,0.114,0.118,0.167,0.063,0.152,0.118,0.128,0.036,0.107,0.069,0.069,0.105,0.073,0.113,0.061,0.083,0.086,0.094,0.086,0.028,0.091,0.079,0.149,0.163,0.127,0.122,0.121,0.090,0.138,0.180,0.127,0.062,0.108,0.106,0.099,0.089,0.118,0.132,0.079,0.055,0.197,0.116,0.122
Gravesend,Brooklyn,neighborhood,,,,0.000,0.281,0.192,0.102,0.135,0.041,0.041,,0.111,0.045,0.143,0.016,0.258,0.074,0.056,0.079,0.045,0.183,0.079,0.081,0.066,0.051,0.055,0.089,0.053,0.140,0.143,0.071,0.041,0.073,0.083,,,0.000,0.000,0.034,0.068,0.060,0.093,0.077,0.167,0.027,0.075,0.029,0.043,0.069,0.096,0.000,0.114,0.047,0.033,0.078,0.065,0.040,0.049,0.056,0.100,0.078,0.091,0.073,0.083,0.157,0.130,0.037,0.057,0.064,0.045,0.139,0.051,0.075,0.034,0.118,0.105,0.050,0.048,0.072,0.051,0.070,0.062,0.054,0.123,0.059,0.096,0.114,0.155,0.116,0.125,0.141,0.107,0.061,0.152,0.055,0.052,0.082,0.047,0.092,0.094,0.137,0.109,0.148,0.151,0.151,0.127,0.109,0.152,0.127,0.123,0.126,0.084,0.170,0.158,0.132,0.155,0.176,0.109,0.098
Greenpoint,Brooklyn,neighborhood,0.065,0.051,0.027,0.065,0.040,0.039,0.032,0.041,0.042,0.020,0.061,0.042,0.035,0.050,0.089,0.060,0.030,0.011,0.028,0.000,0.026,0.019,0.043,0.035,0.035,0.029,0.051,0.029,0.031,0.049,0.020,0.023,0.093,0.057,0.000,0.023,0.025,0.026,0.026,0.021,0.000,0.070,0.089,0.048,0.155,0.045,0.148,0.095,0.122,0.053,0.086,0.061,0.205,0.118,0.103,0.096,0.074,0.042,0.146,0.056,0.098,0.065,0.109,0.065,0.070,0.186,0.153,0.158,0.175,0.067,0.115,0.051,0.132,0.093,0.088,0.087,0.110,0.159,0.142,0.140,0.147,0.171,0.109,0.029,0.009,0.037,0.070,0.076,0.055,0.089,0.077,0.090,0.161,0.124,0.126,0.022,0.093,0.106,0.081,0.092,0.113,0.119,0.160,0.078,0.124,0.164,0.085,0.043,0.096,0.221,0.200,0.077,0.165,0.119,0.161,0.170,0.227,0.148,0.070
Greenwich Village,Manhattan,neighborhood,0.067,0.091,0.105,0.079,0.099,0.096,0.076,0.071,0.122,0.133,0.097,0.046,0.098,0.101,0.133,0.106,0.112,0.121,0.130,0.042,0.115,0.159,0.117,0.072,0.141,0.062,0.121,0.113,0.138,0.105,0.084,0.096,0.108,0.134,0.103,0.045,0.094,0.047,0.081,0.068,0.092,0.105,0.057,0.071,0.148,0.117,0.077,0.030,0.065,0.058,0.041,0.062,0.068,0.067,0.042,0.041,0.086,0.081,0.029,0.019,0.058,0.046,0.041,0.081,0.095,0.062,0.079,0.033,0.094,0.107,0.081,0.062,0.118,0.100,0.073,0.143,0.119,0.104,0.080,0.051,0.142,0.115,0.102,0.058,0.137,0.102,0.108,0.094,0.150,0.119,0.091,0.107,0.161,0.152,0.095,0.055,0.099,0.143,0.127,0.178,0.131,0.139,0.130,0.081,0.205,0.193,0.095,0.046,0.168,0.125,0.152,0.187,0.160,0.170,0.114,0.087,0.206,0.216,0.114
Greenwood,Brooklyn,neighborhood,0.077,,0.051,0.136,0.071,0.028,0.023,,0.047,0.075,0.254,,0.038,0.019,0.048,0.258,0.182,0.061,0.062,0.048,0.116,0.089,0.034,0.017,0.053,0.021,0.039,0.043,0.043,0.087,0.000,0.025,0.139,0.079,,0.071,0.000,0.048,0.074,0.000,0.048,0.087,0.048,,0.200,0.000,0.056,,0.000,0.167,,,0.040,0.160,0.000,,0.235,0.087,,0.000,,0.043,0.000,0.081,0.053,0.119,0.162,0.114,0.114,0.170,0.156,0.100,0.118,0.114,0.105,0.182,0.174,0.077,0.125,0.000,0.071,0.122,0.071,0.091,0.111,0.027,0.044,0.179,0.108,0.143,0.174,0.136,0.064,0.061,0.103,0.065,0.148,0.102,0.123,0.069,0.177,0.111,0.074,0.106,0.122,0.200,0.143,0.128,0.043,0.136,0.143,0.109,0.127,0.132,0.219,0.015,0.097,0.113,0.072
Hamilton Heights,Manhattan,neighborhood,0.050,0.041,0.094,0.048,0.149,0.135,0.094,0.110,0.088,0.080,0.072,0.059,0.059,0.127,0.144,0.108,0.081,0.070,0.075,0.057,0.085,0.110,0.057,0.048,0.037,0.098,0.138,0.099,0.049,0.065,0.050,0.032,0.065,0.036,0.071,0.000,0.012,0.026,0.055,0.080,0.038,0.027,0.082,0.015,0.133,0.074,0.015,0.076,0.029,0.032,0.055,0.038,0.105,0.073,0.074,0.057,0.011,0.095,0.041,0.058,0.037,0.089,0.000,0.061,0.068,0.079,0.035,0.077,0.050,0.098,0.000,0.018,0.034,0.017,0.107,0.071,0.039,0.061,0.055,0.070,0.106,0.115,0.120,0.087,0.109,0.071,0.062,0.042,0.064,0.052,0.081,0.078,0.193,0.092,0.077,0.069,0.083,0.103,0.118,0.123,0.118,0.091,0.119,0.082,0.174,0.150,0.123,0.054,0.190,0.110,0.171,0.092,0.133,0.173,0.081,0.065,0.205,0.163,0.108
Highbridge,Bronx,neighborhood,,,,,,,,,,,,,,,,,,,,,,,,,,,,,,,,,,,,,,,,,,,,,,,,,,,,,,,,,,,,,,,,,,,,,,,,,,,,,,,,,,,,,0.000,,,,,,,,,,,,,,,,,,,,,,,,,,,0.000,,,,0.000,,,
Hillcrest,Queens,neighborhood,,,,,,,,,,,,,,,,,,,,,,,,,,,,,,,,,,,,,,,,,,,,,,,,,,,,,,,,,,,,,,,,,,,,,,,,,,,,,,,,,,,,,,,,,0.000,,,0.111,,0.062,,,,0.056,0.062,,,0.125,0.120,0.192,0.120,0.120,0.077,,0.045,0.045,,,0.150,0.148,0.097,0.222,0.190,0.130,0.136
Hollis,Queens,neighborhood,,,,,,,,,,,,,,,,,,,,,,,,,,,,,,,,,,,,,,,,,,,,,,,,,,,,,,,,,,,,,,,,,,,,,,,,,,,,,,,,,,,,,,,,,,0.125,0.091,0.043,,0.050,,0.000,0.059,0.000,0.091,,,,0.200,,,0.304,,,,0.056,,,0.053,0.059,,,0.059,,
Howard Beach,Queens,neighborhood,,,,,,,,,,,,,,,,0.294,,,0.083,,,0.000,,,,,,,,,,,,,,,,,,,,,,,,,,,,,,,,,,,,,,,,,,,,,,0.000,,0.333,,,,,,0.143,0.188,0.050,0.000,,0.000,,0.077,0.038,,0.037,0.121,0.107,0.034,0.019,0.083,0.035,0.067,0.125,0.075,0.029,0.000,0.073,0.083,0.065,0.130,0.024,0.057,0.053,0.108,0.108,0.111,,0.057,0.111,0.186,0.171,0.089,0.133,0.125,0.109,0.073,0.119,0.189
Hunts Point,Bronx,neighborhood,,,,,,,,,,,,,,,,,,,,,,,,,,,,,,,,,,,,,,,,,,,,,,,,,,,,,,,,,,,,,,,,,,,,,,,,,,,,,,,,,,,,,,,,,,,,,,,,,,,,,,,,,,,,,,,,,,,,,,,
Inwood,Manhattan,neighborhood,0.034,0.060,0.115,0.103,0.158,0.103,0.141,0.125,0.077,0.131,0.085,0.077,0.220,0.209,0.100,0.087,0.202,0.228,0.066,0.164,0.124,0.200,0.079,0.135,0.127,0.118,0.089,0.064,0.145,0.028,0.057,0.103,0.125,0.083,0.131,0.035,0.061,0.021,0.058,0.081,0.083,0.048,0.066,0.063,0.111,0.228,0.118,0.024,0.023,0.050,0.051,0.087,0.000,0.021,0.077,0.062,0.119,0.023,0.079,0.000,0.030,0.056,0.069,0.000,0.000,0.154,0.000,0.027,0.190,0.067,0.024,0.056,0.000,0.000,0.152,,0.000,0.111,0.038,0.000,0.125,0.125,,0.100,,,0.050,0.043,0.000,0.038,0.077,0.000,0.083,0.033,0.094,0.065,0.056,0.133,0.000,0.125,0.206,0.171,0.150,0.083,0.167,0.116,0.086,0.065,0.182,0.061,0.054,0.108,0.220,,0.156,0.080,0.103,0.081,0.027
Jackson Heights,Queens,neighborhood,0.175,0.100,0.066,0.129,0.119,0.121,0.085,0.070,0.132,0.065,0.082,0.029,0.094,0.087,0.097,0.096,0.114,0.176,0.105,0.083,0.242,0.155,0.154,0.059,0.089,0.067,0.135,0.103,0.078,0.109,0.133,0.051,0.060,0.117,0.040,0.020,0.062,0.037,0.068,0.068,0.070,0.042,0.102,0.037,0.027,0.038,0.054,0.044,0.024,0.024,0.065,0.068,0.042,0.000,0.000,0.011,0.065,0.022,0.026,0.027,0.026,0.026,0.028,0.013,0.045,0.033,0.021,0.011,0.089,0.030,0.050,0.047,0.055,0.013,0.038,0.000,0.035,0.060,0.042,0.017,0.068,0.107,0.084,0.017,0.084,0.069,0.025,0.041,0.072,0.069,0.082,0.070,0.098,0.119,0.100,0.040,0.071,0.063,0.098,0.088,0.089,0.097,0.201,0.171,0.180,0.240,0.092,0.066,0.123,0.095,0.107,0.087,0.156,0.112,0.110,0.109,0.169,0.195,0.067
Jamaica,Queens,neighborhood,,,0.214,,,,,,,,,,,,,,,,,,,,,,,,,0.000,,,,,,,,,,,,,,,,,,,,,,,,,,,,,,,,0.048,,0.130,0.211,,,0.000,,,,,,,,,,,0.050,,0.053,,0.091,,0.045,,0.091,0.107,0.111,,0.074,0.038,0.086,0.000,0.062,0.036,0.074,,0.222,,0.000,0.023,0.043,0.111,0.091,0.042,0.095,0.068,0.106,0.065,0.000,0.091,0.060,0.103,0.000,0.061,0.055,0.043,0.026,0.122,0.079
Jamaica Estates,Queens,neighborhood,,,,0.105,,0.000,,0.000,0.520,,,,,,,,,,0.000,,,,,,,,,,,,,,,,,,,,,,,,,,,,,,,,,,,,,,,,,,,,,,,,,,,0.067,,,,,0.250,,,0.091,,,0.000,,0.045,0.091,0.087,,0.200,0.200,0.097,0.062,0.173,0.019,0.068,0.083,0.116,0.031,,0.000,0.054,0.094,0.086,0.081,0.114,0.091,0.083,0.130,0.089,0.029,0.103,0.062,0.154,0.093,0.135,0.079,0.125,0.045,0.122,0.027,0.128
Jamaica Hills,Queens,neighborhood,,,,,,,,,,,,,,,,,,,,,,,,,,,,,,,,,,,,,,,,,,,,,,,,,,,,,,,,,,,,,,,,,,,,,,,,,,,,,,,,,,,,,,,,,,0.042,0.208,0.095,,,,,0.125,,,,,,,0.333,,0.000,,0.043,,,0.143,,,,,,,0.167,
Kensington,Brooklyn,neighborhood,0.063,0.100,0.108,0.197,0.174,0.085,0.138,0.123,0.107,0.138,0.083,0.037,0.111,0.078,0.091,0.085,0.135,0.137,0.068,0.074,0.096,0.114,0.047,0.121,0.095,0.203,0.086,0.071,0.160,0.103,0.052,0.068,0.095,0.075,0.111,0.068,0.039,0.018,0.039,0.016,0.034,0.100,0.103,0.103,0.047,0.043,0.067,0.000,0.053,0.026,0.023,0.000,0.059,0.019,0.043,0.053,0.023,0.040,0.083,0.025,0.026,0.023,0.043,0.036,0.042,0.194,0.040,0.068,0.036,0.088,0.094,0.078,0.040,0.022,0.041,0.064,0.048,0.061,0.078,0.085,0.057,0.132,0.146,0.020,0.174,0.094,0.071,0.125,0.086,0.121,0.121,0.101,0.118,0.113,0.091,0.014,0.072,0.086,0.069,0.134,0.132,0.208,0.102,0.105,0.204,0.185,0.142,0.067,0.081,0.098,0.091,0.121,0.151,0.133,0.068,0.113,0.231,0.195,0.176
Kew Gardens,Queens,neighborhood,0.000,,0.115,,0.000,,0.034,0.226,0.037,,0.129,,0.050,0.093,0.064,0.059,0.121,0.093,0.046,0.059,0.109,0.048,0.162,,0.061,0.094,,0.051,,0.048,0.047,0.081,0.091,0.031,,,0.051,0.024,0.060,0.060,0.102,0.182,0.051,0.023,0.064,0.060,0.062,0.020,0.055,0.038,0.074,0.088,0.034,0.062,0.053,0.068,0.135,0.067,0.037,0.095,0.136,0.039,0.137,0.028,0.053,0.066,0.095,0.075,0.067,0.115,0.074,0.039,0.027,0.013,0.027,0.068,0.062,0.061,0.065,0.048,0.017,0.067,0.050,0.038,0.100,0.064,0.043,0.020,0.096,0.082,0.135,0.062,0.040,0.118,0.103,0.056,0.075,0.034,0.044,0.071,0.132,0.046,0.097,0.097,0.092,0.198,0.039,0.080,0.096,0.071,0.108,0.097,0.110,0.103,0.139,0.037,0.133,0.184,0.094
Kew Gardens Hills,Queens,neighborhood,,,0.000,0.069,,,0.040,,,0.125,0.111,,0.069,,0.107,,0.074,,0.067,0.241,0.214,0.033,,0.115,,,,,,,,0.125,,,,,,,,,,,,,,,,,,,,,,0.103,,0.056,,,0.000,0.081,0.054,0.000,0.025,0.044,0.026,0.026,0.081,0.000,0.030,,0.094,0.074,0.033,0.027,0.000,0.047,0.098,0.029,0.025,0.030,0.028,0.000,0.079,0.000,0.000,0.034,0.000,0.000,0.079,0.057,0.084,0.040,0.049,0.034,0.032,0.098,0.031,0.043,0.038,0.028,0.062,0.105,0.100,0.157,0.089,0.103,0.076,0.122,0.081,0.130,0.056,0.064,0.165,0.115,0.161,0.159,0.132,0.067,0.090
Kingsbridge,Bronx,neighborhood,,,,0.000,,,0.158,,,,0.136,,,,,,,,,,,,,,,,,,,,0.217,,0.192,,,,0.000,,,,0.182,,,0.095,,0.208,,,0.227,0.087,0.087,0.000,,,0.083,0.074,,0.038,,,,0.000,0.091,0.000,,0.000,,0.048,0.053,0.000,,,,,,,,,,,0.118,0.174,0.000,0.036,0.036,0.000,0.042,0.000,0.037,0.094,,0.032,0.080,0.045,0.040,,,,0.000,0.000,,0.036,,0.077,,0.121,0.081,,0.118,0.148,,0.100,0.125,0.088,0.062,0.069,0.125,0.034,0.091
Laconia,Bronx,neighborhood,,,,,,,,,,,,,,,,,,,,,,,,,,,,,,,,,,,,,,,,,,,,,,,,,,,,,,,,,,,,,,,,,,,,,,,,,,,,,,,,,,,,,,,,,,,,,,,,,,,,,,,,,,,,,,,,,,,,,,,
Laurelton,Queens,neighborhood,,,,,,,,,,,,,,,,,,,,,,,,,,,,,,,,,,,,,,,,,,,,,,,,,,,,,,,,,,,,,,,,,,,,,,,,,,,,,,,,,,,,,,,0.000,,0.083,0.054,0.026,0.143,0.033,0.028,0.083,0.065,0.067,0.032,0.027,0.028,0.069,0.059,0.100,0.085,0.216,0.111,0.095,0.146,0.133,0.176,0.132,0.029,0.065,0.000,0.094,0.118,0.031,0.000,0.000
Little Italy,Manhattan,neighborhood,,,,,,,,,,,,,,,,,,,,,,,,,,,,,,,,,,,,,,,,,,,,,,,,,,,,,,,,,,,,0.077,,,0.357,,,,,,,,,,,,,,0.312,0.238,,,,,,,,,,,0.364,,,,,,,,,,,,,,,,,,,,,,,,,,,,,,
Little Neck,Queens,neighborhood,,,,0.050,,,0.217,,,0.348,0.087,,,,,,,,0.000,,,,,,,,,0.071,,,,,,,,,,,,,,,,,,,,,,,,,,,,,,,,0.000,,,,0.000,0.056,0.200,0.038,0.036,0.034,0.043,,0.000,0.037,0.115,0.034,0.083,0.069,0.174,0.136,0.105,,,,,,0.111,0.000,,,0.031,0.032,0.111,,,0.056,,,,0.000,0.000,0.048,0.053,,0.000,0.158,0.143,0.000,,0.143,0.095,0.182,0.115,0.125,0.321,0.172,0.125,0.150,0.105,
Long Island City,Queens,neighborhood,0.054,0.026,0.084,0.031,0.086,0.067,0.079,0.053,0.030,0.076,0.026,0.012,0.057,0.029,0.066,0.014,0.074,0.091,0.047,0.031,0.065,0.117,0.035,0.031,0.027,0.061,0.016,0.034,0.028,0.060,0.026,0.055,0.069,0.032,0.040,0.009,0.117,0.071,0.040,0.066,0.036,0.039,0.055,0.018,0.062,0.072,0.096,0.053,0.053,0.053,0.044,0.010,0.078,0.068,0.047,0.090,0.105,0.041,0.035,0.000,0.059,0.045,0.021,0.027,0.053,0.049,0.045,0.065,0.092,0.094,0.092,0.038,0.045,0.057,0.088,0.087,0.102,0.043,0.015,0.053,0.065,0.092,0.048,0.033,0.057,0.072,0.091,0.084,0.116,0.091,0.064,0.066,0.093,0.101,0.067,0.048,0.086,0.090,0.110,0.161,0.165,0.211,0.081,0.072,0.067,0.125,0.011,0.036,0.054,0.128,0.075,0.087,0.066,0.091,0.073,0.049,0.060,0.091,0.092
Longwood,Bronx,neighborhood,,,,,,,,,,,,,,,,,,,,,,,,,,,,,,,,,,,,,,,,,,,,,,,,,,,,,,,,,,,,,,,,,,,,,,,,,,,,,,,,,,,,,,,,,,,,,,,,,,,,,,,,,,,,,,,,,,,,,,,
Lower East Side,Manhattan,neighborhood,0.125,0.122,0.112,0.109,0.095,0.054,0.193,0.115,0.091,0.106,0.099,0.050,0.080,0.076,0.093,0.044,0.057,0.101,0.167,0.131,0.110,0.051,0.089,0.047,0.097,0.051,0.095,0.064,0.096,0.050,0.053,0.016,0.050,0.044,0.018,0.010,0.051,0.000,0.080,0.037,0.055,0.043,0.085,0.093,0.113,0.087,0.098,0.014,0.058,0.014,0.052,0.014,0.022,0.056,0.058,0.032,0.037,0.044,0.027,0.060,0.019,0.030,0.013,0.011,0.011,0.023,0.051,0.023,0.060,0.096,0.115,0.041,0.053,0.065,0.063,0.125,0.088,0.055,0.062,0.066,0.087,0.079,0.070,0.028,0.035,0.043,0.052,0.046,0.047,0.064,0.056,0.045,0.060,0.084,0.029,0.020,0.045,0.056,0.037,0.077,0.055,0.086,0.051,0.041,0.129,0.115,0.088,0.061,0.071,0.073,0.104,0.065,0.115,0.083,0.074,0.031,0.145,0.107,0.109
Manhattan,Manhattan,borough,0.092,0.096,0.109,0.111,0.112,0.114,0.094,0.071,0.127,0.124,0.102,0.047,0.108,0.088,0.123,0.111,0.128,0.126,0.092,0.068,0.125,0.138,0.103,0.056,0.116,0.094,0.105,0.102,0.102,0.095,0.080,0.063,0.100,0.094,0.070,0.039,0.075,0.056,0.067,0.083,0.074,0.076,0.063,0.050,0.094,0.104,0.071,0.043,0.073,0.059,0.071,0.077,0.089,0.094,0.071,0.048,0.092,0.085,0.065,0.042,0.073,0.054,0.070,0.077,0.089,0.087,0.071,0.052,0.098,0.112,0.091,0.053,0.103,0.079,0.101,0.111,0.124,0.121,0.091,0.064,0.141,0.125,0.100,0.049,0.113,0.089,0.106,0.109,0.124,0.119,0.104,0.063,0.139,0.141,0.110,0.054,0.121,0.109,0.105,0.148,0.153,0.143,0.130,0.079,0.170,0.179,0.132,0.063,0.147,0.110,0.126,0.142,0.156,0.146,0.117,0.074,0.174,0.165,0.112
Manhattan Beach,Brooklyn,neighborhood,,,,,,,,,,,,,,,,,,,,,,,,,,,,,,,,,,,,,,,,,,,,,,,,,,,,,,,,,,,,,,,0.188,,,,,,,,,,,,,,,,,0.160,,,0.103,,,,,,,0.136,,0.000,0.133,0.188,0.062,,0.087,,0.000,0.167,0.097,0.129,0.194,0.125,0.054,0.083,0.133,,0.107,0.037,0.133,0.125,0.125,0.061,,0.037,0.200,,0.190
Marble Hill,Manhattan,neighborhood,,,,,,,,,,,,,,,,,,,,,,,,,,,,,,,,,,,,,,,,,,,,,,,,,,,,,,,,,,,,,,,,,,,,,,,,,,,,,,,,,,,,,,,,,,,,,,,,,,,,,,,,,,,,,,,,,,,,,,,
Marine Park,Brooklyn,neighborhood,,,,,,,0.143,,,0.056,,,,,0.118,,,,,,0.217,0.071,,0.227,,,,,0.200,0.235,,,0.200,,,,,,,,,0.100,,,,,,,,,0.000,,,,,,,,,,,,,0.000,0.111,0.033,0.065,0.031,0.086,0.150,0.103,0.139,0.065,0.029,0.050,0.051,0.028,0.073,0.061,0.182,0.000,0.056,0.094,,0.103,,0.000,0.105,0.119,0.119,0.085,0.036,0.123,0.103,0.018,0.082,0.114,0.080,0.065,0.157,0.161,0.188,0.203,0.083,0.056,0.148,0.086,0.020,0.128,0.150,0.157,0.150,0.183,0.125,0.312,0.101,0.152,0.136,0.291
Maspeth,Queens,neighborhood,,,,,,,,,,,,,,,,,,,,,,,,,,,0.062,,,,,,,,,,,,,,,,,,,,,,,,,,,,,,,,,,0.067,,,,0.062,0.000,,,,,,,,,0.053,0.083,0.071,,,0.000,0.158,0.045,0.190,,0.238,0.091,0.111,0.038,0.057,0.071,0.157,0.138,0.133,0.067,0.020,0.045,0.093,0.095,0.062,0.147,0.079,0.107,0.091,0.086,0.087,0.197,0.119,0.069,0.138,0.074,0.129,0.053,0.097,0.066,0.167,0.114,0.104,0.096,0.076
Melrose,Bronx,neighborhood,,,,,,,,,,,,,,,,,,,,,,,,,,,,,,,,,,,,,,,,,,,,,,,,,,,,,,,,,,,,,,,,,,,,,,,,,,,,,,,,,,,,,,,,,,,,,,,,,,,,,,,,,,,,,,,,,,,,,,,
Middle Village,Queens,neighborhood,,,,,,,,,,,,,,,,,,,,,,,,,,,,,,,,,,,,,,,,,,,,,,,,,,,,0.000,,,0.176,,,,,,,,,,,,0.105,,,,,,,,,,0.050,0.056,0.188,0.111,0.105,0.200,,,0.095,,0.048,,0.042,0.135,0.021,0.045,0.135,0.158,0.125,0.054,0.056,0.139,0.077,0.147,0.167,0.053,0.114,0.125,0.119,0.267,0.275,0.103,0.054,0.077,0.058,0.086,0.136,0.092,0.081,0.027,0.094,0.082,0.167
Midtown,Manhattan,neighborhood,0.084,0.071,0.119,0.095,0.132,0.128,0.113,0.089,0.118,0.103,0.113,0.061,0.115,0.083,0.098,0.110,0.107,0.112,0.086,0.063,0.151,0.139,0.124,0.057,0.127,0.087,0.110,0.097,0.087,0.071,0.069,0.051,0.082,0.110,0.048,0.033,0.098,0.059,0.079,0.073,0.047,0.088,0.065,0.037,0.105,0.120,0.059,0.033,0.065,0.032,0.083,0.087,0.100,0.123,0.076,0.085,0.075,0.075,0.072,0.042,0.071,0.038,0.080,0.080,0.116,0.107,0.113,0.045,0.087,0.137,0.080,0.063,0.111,0.073,0.106,0.103,0.139,0.125,0.089,0.080,0.119,0.118,0.088,0.042,0.096,0.079,0.101,0.123,0.118,0.092,0.089,0.052,0.138,0.098,0.079,0.049,0.121,0.079,0.111,0.116,0.103,0.122,0.116,0.072,0.129,0.143,0.132,0.057,0.108,0.099,0.118,0.153,0.108,0.109,0.122,0.089,0.146,0.140,0.115
Midtown East,Manhattan,neighborhood,0.129,0.115,0.118,0.125,0.135,0.128,0.098,0.087,0.137,0.133,0.109,0.057,0.123,0.102,0.141,0.147,0.156,0.157,0.108,0.081,0.154,0.153,0.135,0.059,0.134,0.107,0.136,0.123,0.125,0.106,0.101,0.077,0.100,0.112,0.075,0.057,0.084,0.081,0.079,0.108,0.114,0.109,0.075,0.057,0.105,0.126,0.083,0.061,0.112,0.073,0.086,0.094,0.105,0.134,0.098,0.065,0.102,0.101,0.072,0.052,0.088,0.068,0.093,0.094,0.090,0.078,0.070,0.072,0.114,0.115,0.094,0.062,0.111,0.077,0.104,0.118,0.143,0.158,0.098,0.084,0.165,0.142,0.095,0.055,0.119,0.118,0.119,0.109,0.139,0.116,0.123,0.070,0.143,0.146,0.128,0.085,0.130,0.125,0.111,0.167,0.174,0.158,0.153,0.086,0.194,0.203,0.139,0.068,0.168,0.111,0.133,0.155,0.194,0.174,0.153,0.073,0.190,0.206,0.122
Midtown South,Manhattan,neighborhood,0.053,0.096,0.110,0.130,0.136,0.141,0.126,0.074,0.161,0.106,0.077,0.057,0.220,0.061,0.205,0.133,0.118,0.156,0.109,0.036,0.087,0.114,0.094,0.046,0.054,0.070,0.067,0.058,0.034,0.067,0.133,0.090,0.084,0.143,0.133,0.027,0.064,0.038,0.026,0.041,0.065,0.032,0.063,0.032,0.048,0.094,0.058,0.036,0.056,0.111,0.091,0.175,0.049,0.100,0.075,0.119,0.094,0.110,0.076,0.101,0.101,0.113,0.099,0.102,0.088,0.067,0.044,0.060,0.118,0.117,0.043,0.024,0.033,0.060,0.094,0.095,0.094,0.123,0.119,0.041,0.154,0.085,0.074,0.028,0.047,0.065,0.094,0.130,0.200,0.098,0.118,0.092,0.114,0.182,0.143,0.083,0.105,0.062,0.118,0.118,0.207,0.110,0.165,0.053,0.174,0.200,0.098,0.096,0.247,0.102,0.090,0.161,0.171,0.132,0.123,0.083,0.169,0.127,0.132
Midtown West,Manhattan,neighborhood,0.073,0.104,0.113,0.078,0.074,0.090,0.076,0.073,0.141,0.092,0.061,0.035,0.072,0.078,0.116,0.087,0.090,0.090,0.078,0.079,0.099,0.120,0.077,0.070,0.080,0.055,0.073,0.079,0.093,0.071,0.066,0.076,0.060,0.068,0.060,0.053,0.065,0.032,0.062,0.059,0.063,0.053,0.038,0.039,0.088,0.102,0.037,0.038,0.069,0.035,0.090,0.051,0.074,0.091,0.063,0.051,0.083,0.081,0.038,0.025,0.063,0.036,0.052,0.076,0.096,0.112,0.110,0.072,0.094,0.159,0.114,0.062,0.117,0.065,0.130,0.117,0.133,0.131,0.093,0.098,0.117,0.127,0.096,0.049,0.113,0.075,0.095,0.091,0.079,0.094,0.117,0.061,0.134,0.143,0.105,0.065,0.126,0.084,0.103,0.110,0.127,0.154,0.150,0.104,0.133,0.159,0.148,0.052,0.142,0.105,0.109,0.150,0.147,0.179,0.143,0.099,0.128,0.148,0.092
Midwood,Brooklyn,neighborhood,0.020,0.085,0.104,0.037,0.100,0.157,0.179,0.058,0.041,0.102,0.125,0.019,0.127,0.018,0.069,0.105,0.158,0.031,0.088,0.088,0.127,0.045,0.078,0.130,0.097,0.054,0.051,0.097,0.100,0.347,0.090,0.041,0.113,0.182,0.066,0.051,0.122,0.000,0.089,0.068,0.048,0.079,0.038,0.070,0.049,0.167,0.111,0.070,0.089,0.000,0.038,0.086,0.047,0.091,0.045,0.031,0.000,0.102,0.018,0.058,0.032,0.074,0.060,0.104,0.046,0.079,0.068,0.038,0.041,0.143,0.070,0.078,0.087,0.028,0.037,0.068,0.062,0.085,0.056,0.025,0.061,0.066,0.101,0.045,0.077,0.058,0.073,0.085,0.105,0.097,0.058,0.050,0.065,0.055,0.083,0.076,0.049,0.128,0.063,0.103,0.143,0.121,0.122,0.097,0.086,0.169,0.098,0.137,0.126,0.163,0.140,0.138,0.106,0.158,0.107,0.132,0.191,0.145,0.137
Mill Basin,Brooklyn,neighborhood,0.000,,,0.000,,,,,,,,,,,,,,,,,,,,,,,,,,,,,,,,,,,,,,,,,,0.000,,,,,,,,,,,,0.098,,,,,,,0.021,,,,,0.000,,,,0.043,0.073,0.100,0.021,0.000,0.020,0.000,,,,,0.029,0.067,0.000,0.071,0.154,0.143,0.171,0.056,0.147,0.094,0.041,0.044,0.021,0.043,0.043,0.065,0.042,0.192,0.172,0.096,0.146,0.245,0.114,0.042,0.091,0.115,0.153,0.141,0.208,0.178,0.120,0.136,0.121,0.127,0.107
Morningside Heights,Manhattan,neighborhood,0.070,0.050,0.235,0.177,0.212,0.159,0.200,0.106,0.122,0.188,0.117,0.029,0.060,0.130,0.160,0.168,0.172,0.157,0.146,0.108,0.185,0.169,0.179,0.028,0.137,0.029,0.228,0.128,0.235,0.218,0.079,0.064,0.156,0.203,0.083,0.038,0.107,0.109,0.048,0.115,0.098,0.069,0.093,0.140,0.100,0.154,0.091,0.088,0.095,0.109,0.094,0.130,0.143,0.035,0.107,0.070,0.125,0.043,0.083,0.179,0.121,0.061,0.000,0.167,0.098,0.048,0.045,0.000,0.068,0.140,0.122,0.000,0.152,0.105,0.060,0.111,0.115,0.098,0.143,0.021,0.127,0.191,0.071,0.086,0.086,0.057,0.156,0.061,0.100,0.078,0.160,0.082,0.173,0.125,0.103,0.061,0.128,0.043,0.095,0.089,0.175,0.125,0.215,0.114,0.220,0.180,0.175,0.061,0.214,0.139,0.124,0.165,0.160,0.099,0.083,0.081,0.085,0.188,0.157
Morris Heights,Bronx,neighborhood,,,,,,,,,,,,,,,,,,,,,,,,,,,,,,,,,,,,,,,,,,,,,,,,,,,,,,,,,,,,,,,,,,,,,,,,,,,,,,,,,,,,,,,,,,,,,,,,,,,,,,,,,,,,,,,,,,,,,,,
Morris Park,Bronx,neighborhood,0.182,,,0.000,,,,,,0.211,,,,,,,,,,,,,,,,,,,,0.048,,,,,,,,,,,,0.240,0.192,,,,,,,,0.000,,,,,,,,,,,,,,0.111,,,,,,,,,,,,,,,,,,,,,,,,,,0.000,,0.077,,,0.000,,,,,,0.062,,0.125,,,,,,,,,,,,,,,
Morrisania,Bronx,neighborhood,,,,,,,,,,,,,,,,,,,,,,,,,,,,,,,,,,,,,,,,,,,,,,,,,,,,,,,,,,,,,,,,,,,,,,,,,,,,,,,,,,,,,,,,,,,,,,,,,,,,,,,,,,,,,,,,,,,,,,,
Mott Haven,Bronx,neighborhood,,,,,,,,,,,,,,,,,,,,,,,,,,,,,,,,,,,,,,,,,,,,,,,,,,,,,,,,,,,,,,,,,,,,,,,,,,,,,,,,,,,,,,,,,,,,,,,,,,,,,,,,,0.059,,,,0.000,0.000,0.000,,0.000,0.105,,,,0.095,
NYC,,city,0.088,0.083,0.094,0.097,0.102,0.102,0.089,0.068,0.114,0.114,0.090,0.047,0.092,0.077,0.107,0.099,0.114,0.114,0.085,0.067,0.114,0.122,0.092,0.053,0.099,0.084,0.094,0.090,0.096,0.092,0.077,0.057,0.098,0.091,0.066,0.043,0.074,0.057,0.066,0.080,0.074,0.083,0.073,0.057,0.093,0.092,0.078,0.047,0.070,0.056,0.070,0.076,0.090,0.094,0.074,0.057,0.090,0.080,0.064,0.045,0.068,0.054,0.067,0.076,0.081,0.082,0.070,0.058,0.090,0.103,0.085,0.049,0.083,0.069,0.084,0.093,0.107,0.108,0.087,0.063,0.118,0.108,0.090,0.047,0.091,0.074,0.088,0.094,0.105,0.101,0.096,0.068,0.118,0.120,0.094,0.051,0.098,0.089,0.090,0.120,0.132,0.128,0.120,0.088,0.149,0.165,0.121,0.068,0.125,0.106,0.119,0.125,0.145,0.141,0.116,0.086,0.151,0.149,0.110
New Hyde Park,Queens,neighborhood,,,,,,,,,,,,,,,,,,,,,,,,,,,,,,,,,,,,,,,,,,,,,,,,,,,,,,,,,,,,,,,,,,,,,,,,,,,,,,,,,,,,,,,,,,,,,,,,,,,,,,,,,,,,,,,,,,,,,,,
Nolita,Manhattan,neighborhood,,0.114,0.114,0.129,,,,,,,,,,,,,,,,,,,0.154,,,0.118,,,,,,,,,,0.000,0.250,,,,,,,,,,,,,,,,0.056,,,0.045,0.000,,,0.048,,0.000,,,,,,,0.091,0.107,,,,,,,,,,0.069,,,0.043,,,,,0.000,0.062,,,0.000,0.029,0.029,0.152,,0.091,,0.086,0.105,0.111,,,,0.175,0.028,0.029,,0.100,,0.034,,0.097,0.172,,,0.107,0.103,
North Brooklyn,Brooklyn,submarket,0.060,0.052,0.024,0.037,0.072,0.035,0.059,0.068,0.044,0.060,0.047,0.030,0.038,0.031,0.082,0.037,0.052,0.043,0.036,0.031,0.027,0.049,0.044,0.018,0.039,0.032,0.036,0.033,0.037,0.047,0.040,0.037,0.051,0.051,0.020,0.031,0.026,0.027,0.018,0.020,0.065,0.095,0.087,0.050,0.110,0.076,0.103,0.049,0.059,0.040,0.045,0.104,0.139,0.159,0.072,0.048,0.068,0.074,0.068,0.039,0.063,0.052,0.053,0.085,0.074,0.101,0.080,0.079,0.086,0.098,0.093,0.042,0.060,0.067,0.103,0.111,0.129,0.152,0.120,0.095,0.187,0.145,0.121,0.041,0.048,0.071,0.059,0.087,0.113,0.122,0.113,0.070,0.159,0.114,0.105,0.046,0.068,0.082,0.101,0.099,0.123,0.133,0.146,0.077,0.150,0.145,0.112,0.051,0.082,0.129,0.116,0.116,0.118,0.122,0.113,0.122,0.175,0.194,0.114
North Corona,Queens,neighborhood,,,,,,,,,,,,,,,,,,,,,,,,,,,,,,,,,,,,0.000,,,0.000,,,,,0.000,,0.000,,,,,,,,,,,,,,,,,,,,,,,,,,,,,,,,0.000,,,,0.056,0.000,,,,,,,,,0.042,,,0.000,,,,0.043,,0.136,0.000,,0.069,0.075,0.108,,0.033,0.000,0.000,0.000,0.280,,,,,0.000,0.111,0.143
Northeast Queens,Queens,submarket,0.042,0.062,0.062,0.055,0.066,0.063,0.096,0.092,0.093,0.160,0.095,0.031,0.041,0.058,0.072,0.086,0.116,0.131,0.080,0.090,0.093,0.110,0.114,0.064,0.054,0.068,0.057,0.055,0.069,0.077,0.043,0.089,0.070,0.078,0.033,0.020,0.037,0.014,0.029,0.030,0.062,0.045,0.038,0.023,0.083,0.066,0.050,0.028,0.020,0.039,0.044,0.058,0.065,0.072,0.052,0.056,0.054,0.040,0.032,0.045,0.074,0.042,0.072,0.042,0.046,0.083,0.055,0.055,0.076,0.048,0.073,0.038,0.048,0.045,0.030,0.065,0.078,0.053,0.060,0.032,0.032,0.058,0.048,0.023,0.051,0.038,0.050,0.062,0.070,0.056,0.094,0.055,0.061,0.107,0.067,0.037,0.061,0.051,0.059,0.060,0.098,0.066,0.084,0.110,0.102,0.102,0.082,0.061,0.082,0.081,0.105,0.099,0.123,0.133,0.112,0.093,0.119,0.113,0.081
Northwest Brooklyn,Brooklyn,submarket,0.069,0.071,0.072,0.080,0.091,0.088,0.072,0.071,0.116,0.091,0.061,0.034,0.073,0.045,0.068,0.064,0.090,0.083,0.072,0.066,0.092,0.078,0.067,0.030,0.058,0.041,0.057,0.058,0.080,0.058,0.077,0.029,0.073,0.054,0.030,0.019,0.032,0.017,0.030,0.026,0.034,0.063,0.045,0.030,0.064,0.066,0.042,0.037,0.045,0.018,0.061,0.061,0.051,0.073,0.052,0.035,0.086,0.060,0.043,0.029,0.021,0.037,0.042,0.054,0.085,0.096,0.070,0.042,0.076,0.094,0.108,0.043,0.069,0.069,0.076,0.079,0.124,0.106,0.091,0.030,0.080,0.088,0.083,0.033,0.072,0.041,0.058,0.084,0.079,0.094,0.088,0.049,0.112,0.116,0.083,0.032,0.069,0.070,0.087,0.114,0.128,0.132,0.111,0.077,0.150,0.172,0.110,0.054,0.119,0.093,0.110,0.126,0.141,0.136,0.090,0.052,0.121,0.138,0.083
Northwest Queens,Queens,submarket,0.176,0.030,0.054,0.031,0.056,0.056,0.073,0.027,0.056,0.048,0.025,0.011,0.043,0.026,0.058,0.036,0.059,0.067,0.069,0.035,0.070,0.084,0.042,0.040,0.026,0.050,0.037,0.041,0.020,0.064,0.047,0.057,0.075,0.057,0.034,0.025,0.086,0.060,0.043,0.078,0.066,0.044,0.057,0.048,0.100,0.075,0.067,0.038,0.033,0.053,0.033,0.032,0.064,0.055,0.029,0.052,0.075,0.027,0.043,0.010,0.041,0.054,0.031,0.025,0.077,0.052,0.059,0.042,0.090,0.075,0.051,0.032,0.043,0.066,0.066,0.079,0.098,0.079,0.068,0.069,0.085,0.092,0.055,0.047,0.066,0.075,0.077,0.090,0.102,0.105,0.104,0.075,0.108,0.090,0.101,0.060,0.070,0.088,0.113,0.148,0.135,0.162,0.133,0.109,0.108,0.166,0.062,0.046,0.091,0.115,0.118,0.120,0.101,0.145,0.112,0.092,0.104,0.147,0.118
Norwood,Bronx,neighborhood,,,,,,,,,,,,,,,,,,,,,,,,,,,,,,,,,,,,,,,,,,,,,,,,,,,,,,,,,,,,,,,,,,,,,,,,,,,,,,,,,,,,,,,,,,,,,,,,,,,,,,,,,,,,,,,,,,,,,,,
Oakland Gardens,Queens,neighborhood,,,,,,,,,,,,,,,,,,0.312,0.190,,,,,,,,,,,,,,,,,,,,,,,,,,,,,,,,,0.000,0.036,0.067,0.094,0.107,0.080,0.083,,0.037,0.000,0.059,0.094,0.069,0.000,0.143,0.027,0.027,,,0.000,0.000,0.042,,0.048,0.038,0.111,0.000,,,,,0.043,,,,0.000,,0.095,0.067,0.085,0.050,0.000,0.056,0.000,0.054,0.026,0.056,0.061,0.096,0.122,0.083,0.109,0.061,0.057,0.035,0.097,0.055,0.036,0.058,0.080,0.062,0.071,0.042,0.121,0.102,0.100,0.068,0.132
Ocean Parkway,Brooklyn,neighborhood,,,,,,,,,,,,,,,,,,,,,,,,,,,,,,,,,,,,,,,,,,,,,,,,,,,,,,,,,,,,,,,,,,,,,,,,,,,,,,,,,,,,,,,,,,,,,,,,,,,,,,,,,,,,,,,,,,,,,,,
Old Mill Basin,Brooklyn,neighborhood,,,,,,,,,,,,,,,,,,,,,,,,,,,,,,,,,,,,,,,,,,,,,,,,,,,,,,,,,,,,,,,,,,,,,,,,,,,,,,,,,,,,,,,,,,,,,,,,,,,,,,,,,,0.067,,,,,,,,,,,,,
Ozone Park,Queens,neighborhood,,,,,,,,,,,,,,,,,,,,,,,,,,,,,,,,,,,,,,,,,,,,,,,,,,,,,,,,,,,,,,,,,,,,,,,,,,,,,,,,,,,,,,,,,,0.045,0.074,0.158,,,,,,,,,,0.176,,,,,0.100,,0.087,0.150,0.043,0.316,0.190,0.160,,0.143,,0.118,0.000
Park Slope,Brooklyn,neighborhood,0.078,0.059,0.078,0.116,0.075,0.120,0.098,0.058,0.160,0.125,0.157,0.044,0.057,0.095,0.108,0.082,0.136,0.162,0.077,0.066,0.141,0.189,0.087,0.043,0.046,0.084,0.101,0.133,0.123,0.106,0.066,0.072,0.087,0.083,0.025,0.034,0.074,0.042,0.062,0.074,0.049,0.072,0.055,0.053,0.065,0.116,0.053,0.025,0.102,0.056,0.043,0.064,0.097,0.097,0.070,0.049,0.057,0.059,0.076,0.059,0.044,0.058,0.012,0.081,0.101,0.127,0.052,0.045,0.103,0.174,0.082,0.076,0.106,0.080,0.090,0.094,0.077,0.106,0.070,0.048,0.096,0.113,0.099,0.063,0.074,0.062,0.127,0.075,0.092,0.125,0.108,0.081,0.118,0.092,0.071,0.021,0.092,0.067,0.067,0.118,0.147,0.168,0.103,0.089,0.177,0.172,0.154,0.037,0.151,0.103,0.110,0.158,0.114,0.189,0.107,0.083,0.115,0.129,0.089
Parkchester,Bronx,neighborhood,,,,0.000,0.000,,,,,0.000,,,,0.000,,,,,,,,,,,,,,,,,,,,,,,,,,,,,,,,0.000,,0.000,,,,,,,,,0.000,,,,,,,,,,0.000,,,,,,,0.043,0.143,,,,,,,,,,,,,,,0.000,,0.000,,,,,,,,,,,,,,,,,,,,0.067,,0.176,,,0.111,0.000,0.059
Pelham Bay,Bronx,neighborhood,,,,,,,,,,,,,,,,,,,,,,,,,,,,,,,,,,,,,,,,,,,,,,,,,,,,,,,,,,,,,,,,,,,,,,,,,,,,,,,,,,,,,,,,,,,,,,,,,,,,,,,,,,,,,,,,,,,,,,,
Pelham Gardens,Bronx,neighborhood,,,,,,,,,,,,,,,,,,,,,,,,,,,,,,,,,,,,,,,,,,,,,,,,,,,,,,,,,,,,,,,,,,,,,,,,,,,,,,,,,,,,,,,,,,,,,,,,,,,,,,,,,,,,,,,,,,,,,,,
Pelham Parkway,Bronx,neighborhood,,,,,,,,,,,,,,,,,,,,,,,,,,,,,,,,,,,,,,,,,,,,,,,,,,,,,,,,,,,,,,,,,,,,,,,,,,,,,,,,,,,,,,,,,,,,,,,,,,,,,,,,,,,,,,,,,,,,,,,
Pomonok,Queens,neighborhood,,,,,,,,,,,,,,,,,,,,,,,,,,,,,,,,,,,,,,,,,,,,,,,,,,,,,,,,,,,,,,,,,,,,,,,,,,,,,,,,,,,,,,,,,,,,,,,,,,,,,,,,,,,,,,,0.000,,,,,,,,
Port Morris,Bronx,neighborhood,,,,,,,,,,,,,,,,,,,,,,,,,,,,,,,,,,,,,,,,,,,,,,,,,,,,,,,,,,,,,,,,,,,,,,,,,,,,,,,,,,,,,,,,,,,,,,,,,,,,,,,,,,,,,,,,,,,,,,,
Prospect Heights,Brooklyn,neighborhood,0.068,0.017,0.101,0.102,0.083,0.049,0.103,0.090,0.093,0.122,0.080,0.121,0.082,0.084,0.093,0.108,0.088,0.092,0.076,0.095,0.096,0.122,0.081,0.020,0.154,0.043,0.091,0.116,0.090,0.071,0.062,0.074,0.053,0.075,0.042,0.034,0.036,0.031,0.049,0.015,0.038,0.042,0.075,0.024,0.059,0.063,0.091,0.000,0.021,0.020,0.038,0.058,0.037,0.098,0.066,0.042,0.086,0.056,0.034,0.000,0.028,0.045,0.049,0.000,0.102,0.154,0.058,0.021,0.008,0.094,0.094,0.023,0.025,0.071,0.040,0.037,0.069,0.066,0.038,0.046,0.024,0.037,0.037,0.008,0.044,0.045,0.019,0.009,0.051,0.050,0.061,0.070,0.083,0.117,0.085,0.031,0.044,0.071,0.037,0.078,0.106,0.065,0.062,0.024,0.083,0.186,0.044,0.031,0.247,0.117,0.044,0.080,0.143,0.140,0.082,0.094,0.115,0.196,0.118
Prospect Lefferts Gardens,Brooklyn,neighborhood,0.167,0.107,0.143,0.172,0.077,0.000,0.028,0.152,0.114,,0.083,,0.062,0.031,0.111,0.103,0.143,0.122,0.108,,0.204,0.089,0.089,0.000,0.047,0.190,0.067,0.000,0.067,,0.074,,0.300,0.161,,,0.091,0.036,0.000,0.000,0.026,0.024,0.037,0.000,0.038,0.000,0.071,0.000,0.034,0.000,0.038,0.074,0.028,0.057,0.030,0.038,0.100,,0.087,0.056,0.045,0.038,0.000,0.037,0.034,0.129,0.080,0.043,0.174,0.156,0.114,0.000,0.036,0.059,0.056,0.100,0.147,0.103,0.087,0.045,0.069,0.103,0.077,0.190,,0.000,0.091,0.083,0.185,0.242,0.057,0.091,0.128,0.091,,0.136,0.200,0.062,0.051,0.087,0.159,0.043,0.049,0.000,0.150,0.051,0.159,0.186,0.133,0.163,0.152,0.039,0.209,0.179,0.073,0.091,0.289,0.213,0.156
Prospect Park,Brooklyn,submarket,0.084,0.058,0.093,0.113,0.071,0.094,0.089,0.067,0.136,0.118,0.120,0.060,0.067,0.081,0.103,0.091,0.128,0.137,0.091,0.068,0.136,0.152,0.085,0.033,0.074,0.100,0.090,0.119,0.115,0.085,0.072,0.068,0.100,0.089,0.048,0.035,0.065,0.043,0.049,0.052,0.042,0.056,0.061,0.040,0.069,0.083,0.066,0.018,0.069,0.036,0.037,0.056,0.075,0.093,0.052,0.045,0.070,0.070,0.074,0.046,0.049,0.048,0.036,0.050,0.096,0.125,0.058,0.035,0.076,0.133,0.095,0.050,0.068,0.074,0.061,0.081,0.079,0.096,0.063,0.052,0.076,0.098,0.079,0.050,0.069,0.051,0.094,0.060,0.092,0.124,0.091,0.086,0.115,0.106,0.075,0.032,0.086,0.074,0.056,0.100,0.144,0.130,0.103,0.070,0.146,0.176,0.131,0.068,0.168,0.101,0.110,0.113,0.136,0.182,0.102,0.087,0.135,0.166,0.104
Prospect Park South,Brooklyn,neighborhood,,,,,,,,,,,,,,,,,,,,,,,,,,,,,,,,,0.167,0.133,,,0.125,,,,,,,,,,,,,,,,,0.071,0.000,,,0.133,,,,,,,,,,,,,,,,,,,,,,,,,,,,0.000,0.143,,,,,,0.067,,,,,0.036,0.036,0.032,0.111,0.053,,,0.133,0.400,0.150,,0.031,0.000,0.138,0.069,0.333,0.200,0.143,0.000,0.179,0.250,0.200
Queens,Queens,borough,0.108,0.053,0.061,0.058,0.065,0.065,0.082,0.057,0.086,0.102,0.061,0.029,0.040,0.044,0.064,0.069,0.084,0.099,0.081,0.067,0.092,0.102,0.079,0.055,0.059,0.062,0.069,0.054,0.063,0.083,0.074,0.070,0.071,0.082,0.046,0.039,0.065,0.030,0.052,0.053,0.063,0.051,0.059,0.043,0.070,0.068,0.054,0.039,0.036,0.035,0.045,0.043,0.071,0.072,0.050,0.054,0.066,0.056,0.041,0.040,0.055,0.046,0.047,0.043,0.052,0.055,0.063,0.058,0.068,0.068,0.059,0.038,0.047,0.041,0.047,0.050,0.070,0.062,0.064,0.050,0.067,0.069,0.057,0.036,0.058,0.048,0.065,0.066,0.077,0.063,0.092,0.068,0.076,0.088,0.076,0.048,0.068,0.057,0.069,0.086,0.106,0.098,0.108,0.103,0.118,0.136,0.091,0.064,0.090,0.088,0.107,0.099,0.116,0.123,0.110,0.093,0.115,0.124,0.102
Queens Village,Queens,neighborhood,,,,,,,,,,,,,,,,,,,,,,,,,,,,,,,,,,,,,,,,,,,,,,,,,,,,,,,,,,,,,,,,,0.062,,,0.158,,0.062,,,,,,,,0.286,0.200,,0.167,,0.160,0.125,0.042,,,,,0.065,0.048,0.036,0.000,0.075,0.103,0.053,0.081,0.024,0.111,0.070,0.022,0.039,0.096,0.000,0.116,0.137,0.075,0.027,0.108,0.023,0.149,0.109,0.129,0.129,0.097,0.083,0.091,0.082,0.074
Red Hook,Brooklyn,neighborhood,,0.000,,,,,,,,,,,,,,,,,,,,,,,,,0.053,,,,0.222,,,,,,,,,,,,0.267,,,,,,,,,,,,,,,,,,,,,,,,,,,,,,,,,,,,,,,,,,,,,,,,,,,0.104,,,0.031,,0.049,0.017,,,,0.048,,,0.150,,,,0.100,0.296,0.088,0.121,0.194,,0.179,0.080,
Rego Park,Queens,neighborhood,,,0.105,0.043,0.190,0.074,0.069,0.038,0.111,0.179,0.000,0.000,0.057,,0.036,0.127,0.065,0.145,0.127,0.064,,,0.081,0.000,0.103,0.000,0.025,0.000,0.038,0.043,0.125,0.028,0.059,0.042,0.016,,0.052,0.016,0.056,0.050,0.029,0.069,0.076,0.053,0.015,0.056,0.029,0.046,0.033,0.033,0.100,0.029,0.026,0.089,0.074,0.082,0.101,0.160,0.076,0.063,0.043,0.033,0.000,0.000,0.054,0.049,0.039,0.122,0.116,0.104,0.159,0.020,0.057,0.037,0.120,0.053,0.060,0.038,0.114,0.120,0.090,0.095,0.078,0.020,0.071,0.038,0.015,0.015,0.082,0.041,0.083,0.084,0.068,0.084,0.078,0.073,0.068,0.025,0.046,0.074,0.118,0.164,0.142,0.122,0.169,0.141,0.095,0.035,0.134,0.108,0.138,0.087,0.139,0.208,0.110,0.200,0.133,0.141,0.163
Richmond Hill,Queens,neighborhood,,,,,,,,,,,,,,,,,,,,,,,,,,,,,,,,,,,,,,,,,,,,,,,,,,,,,,,,,,,,,,,,,,,,,,,,,,,,,,,,,,,,,,,,,0.000,0.059,0.150,0.121,0.111,,,0.000,,0.000,,0.091,0.115,0.034,0.115,0.042,,0.120,,,,,,,,,,0.042,0.050,0.087,0.071
Ridgewood,Queens,neighborhood,,,0.000,0.000,,,0.000,,,,,0.023,,,,,,,,0.000,,,,,,,,,,,,,,,,,,,,,,,,,,,,,,,,,,,,,,,,0.000,,,0.000,,,0.000,0.000,,,0.091,,0.000,0.000,0.000,0.000,,,,0.125,0.074,0.115,0.034,,0.065,0.100,,0.167,0.179,0.220,0.023,0.070,0.073,0.133,0.045,0.154,0.061,0.091,0.083,0.077,0.079,0.130,0.213,0.167,0.105,0.294,0.138,0.154,0.100,0.154,0.128,0.169,0.217,0.259,0.136,0.186,0.123,0.161,0.150,0.078
Riverdale,Bronx,neighborhood,0.080,0.067,0.073,0.073,0.116,0.098,0.079,0.065,0.071,0.102,0.076,0.076,0.079,0.087,0.099,0.097,0.119,0.100,0.084,0.076,0.095,0.105,0.083,0.054,0.093,0.074,0.119,0.089,0.146,0.098,0.085,0.058,0.094,0.092,0.070,0.046,0.069,0.071,0.078,0.104,0.074,0.117,0.085,0.070,0.081,0.103,0.070,0.056,0.062,0.053,0.082,0.086,0.101,0.108,0.101,0.062,0.091,0.065,0.060,0.043,0.086,0.049,0.053,0.078,0.081,0.102,0.079,0.093,0.083,0.095,0.074,0.033,0.067,0.046,0.064,0.072,0.069,0.115,0.067,0.043,0.067,0.080,0.059,0.038,0.074,0.041,0.052,0.068,0.062,0.073,0.099,0.066,0.082,0.098,0.078,0.052,0.069,0.098,0.040,0.065,0.074,0.107,0.091,0.047,0.105,0.108,0.073,0.064,0.073,0.054,0.119,0.080,0.128,0.128,0.110,0.071,0.136,0.090,0.106
Rockaway All,Queens,neighborhood,,,,0.139,,,0.031,,,0.034,,,,,,,,,,,,0.000,,,,,,,,,,,,,,,,,,,,,,,,,,,,,,,,,,,,0.036,0.029,,0.029,,,0.054,0.079,0.047,0.076,0.074,0.059,0.034,0.000,0.062,0.070,,0.000,0.031,0.075,0.085,0.029,0.041,0.081,0.038,0.026,0.015,0.026,0.000,0.046,0.062,0.076,0.071,0.092,0.070,0.065,0.065,0.048,0.020,0.070,0.049,0.029,0.062,0.115,0.095,0.149,0.057,0.092,0.094,0.096,0.081,0.056,0.078,0.138,0.062,0.176,0.103,0.141,0.037,0.094,0.134,0.078
Roosevelt Island,Manhattan,neighborhood,0.050,0.024,,0.107,,,0.000,0.062,,,,,,,,,,,,,,,,,,,,,,,,,,,,,,,,,,,,,,,,,,,,,,,,,0.200,,,,,,,,0.000,0.031,0.036,,,0.000,,,,,,,,,0.100,,,,0.150,0.048,,,,,0.125,,0.067,,,,,,,,,,,0.148,,,,0.174,,0.000,,0.067,0.133,,,,,,,0.190,
Rosedale,Queens,neighborhood,,,,,,,,,,,,,,,,,,,,,,,,,,,,,,,,,,,,,,,,,,,,,,,,,,,,,,,,,,,,,,,,,,,,,,,,,,,,,,,,,,,,,,,0.059,,0.143,,0.032,0.074,,,,,,,,0.214,0.176,,,0.083,,0.167,0.087,0.167,0.118,0.043,,0.043,,,,,,,0.050
Schuylerville,Bronx,neighborhood,,,,,,,,,,,,,,,,,,,,,,,,,,,,,,,,,,,,,,,,,,,,,,,,,,,,,,,,,,,,,,,,,,,,,,,,,,,,,,,,,,,,,,,,,,,,,,,,,,,,,,,,,,,,,,,,,,,,,,,
Seagate,Brooklyn,neighborhood,,,,,,,,,,,,,,,,,,,,,,,,,,,,,,,,,,,,,,,,,,,,,,,,,,,,,,,,,,,,,,,,,,,,,,,,,,,,,0.000,,,0.067,,0.071,,,,,,,0.143,0.167,0.154,,0.038,,,,0.043,,,,,0.042,,,0.000,,,,,,,,0.158,,0.074,0.121,0.029,0.114,0.114
Sheepshead Bay,Brooklyn,neighborhood,0.058,0.024,0.044,0.082,0.074,0.029,0.046,0.059,0.058,0.039,0.133,0.096,0.087,0.073,0.085,0.073,0.090,0.121,0.085,0.033,0.119,0.069,0.111,0.082,0.117,0.072,0.056,0.083,0.128,0.115,0.044,0.045,0.072,0.064,0.038,0.038,0.089,0.107,0.087,0.115,0.064,0.065,0.066,0.029,0.084,0.049,0.059,0.043,0.109,0.080,0.073,0.082,0.084,0.109,0.072,0.067,0.078,0.040,0.038,0.032,0.055,0.059,0.047,0.053,0.053,0.095,0.086,0.056,0.086,0.050,0.039,0.014,0.048,0.034,0.064,0.049,0.072,0.080,0.075,0.066,0.113,0.077,0.062,0.047,0.047,0.060,0.077,0.066,0.089,0.132,0.080,0.077,0.134,0.089,0.103,0.060,0.091,0.099,0.067,0.076,0.108,0.125,0.099,0.101,0.119,0.190,0.122,0.121,0.116,0.138,0.126,0.171,0.156,0.177,0.104,0.090,0.161,0.106,0.138
Soho,Manhattan,neighborhood,0.068,0.108,0.106,0.087,0.072,0.092,0.076,0.065,0.136,0.118,0.070,0.054,0.051,0.065,0.075,0.124,0.094,0.077,0.059,0.058,0.067,0.117,0.066,0.045,0.050,0.067,0.049,0.088,0.038,0.055,0.046,0.018,0.178,0.113,0.044,0.065,0.109,0.050,0.091,0.086,0.102,0.092,0.009,0.029,0.155,0.097,0.045,0.011,0.040,0.039,0.035,0.086,0.080,0.075,0.030,0.038,0.049,0.032,0.025,0.033,0.084,0.069,0.069,0.063,0.123,0.088,0.060,0.041,0.123,0.030,0.053,0.064,0.042,0.050,0.083,0.058,0.090,0.068,0.058,0.062,0.090,0.112,0.109,0.050,0.088,0.092,0.099,0.130,0.105,0.140,0.063,0.054,0.189,0.121,0.075,0.017,0.122,0.077,0.075,0.103,0.113,0.109,0.055,0.053,0.153,0.133,0.142,0.038,0.090,0.071,0.100,0.070,0.058,0.101,0.082,0.028,0.140,0.124,0.098
Soundview,Bronx,neighborhood,,,,,,,,,,,,,,,,,,,,,,,,,,,,,,,,,,,,,,,,,,,,,,,,,,,,,,,,,,,,,,,,,,,0.087,,,,,,,,,,,,,,,,,,,,0.034,0.033,0.000,,0.000,0.034,0.143,,,,0.059,,0.056,,0.043,0.048,0.045,0.207,0.071,0.160,,,0.000,0.139,0.111,0.048,0.132,0.083,0.000,0.000,0.040,0.069,0.094
South Brooklyn,Brooklyn,submarket,0.077,0.046,0.068,0.082,0.091,0.096,0.089,0.065,0.091,0.097,0.099,0.050,0.095,0.085,0.082,0.104,0.106,0.103,0.076,0.076,0.110,0.083,0.078,0.077,0.082,0.088,0.084,0.078,0.103,0.123,0.066,0.061,0.079,0.084,0.055,0.040,0.058,0.061,0.059,0.067,0.056,0.079,0.070,0.057,0.073,0.062,0.053,0.035,0.063,0.045,0.055,0.062,0.073,0.067,0.067,0.048,0.063,0.059,0.054,0.053,0.051,0.058,0.049,0.048,0.054,0.076,0.059,0.055,0.061,0.088,0.063,0.046,0.046,0.055,0.059,0.070,0.065,0.077,0.072,0.082,0.085,0.081,0.079,0.051,0.070,0.063,0.071,0.089,0.094,0.101,0.086,0.075,0.091,0.101,0.079,0.056,0.088,0.077,0.081,0.103,0.112,0.124,0.109,0.099,0.132,0.156,0.125,0.088,0.119,0.125,0.122,0.118,0.156,0.145,0.124,0.108,0.139,0.136,0.117
South Jamaica,Queens,neighborhood,,,,,,,,,,,,,,,,,,,,,,,,,,,,,,,,,,,,,,,,,,,,,,,,,,,,,,,,,,,,,,,,,,,,,,,,,,,0.158,,,,,,0.154,0.059,,0.053,0.095,0.095,0.050,,,0.061,0.106,0.034,0.047,0.020,0.095,0.119,0.098,0.036,0.066,0.051,0.104,0.085,0.113,0.060,0.087,0.213,0.101,0.051,0.103,0.088,0.125,0.073,0.095,0.123,0.104,0.088,0.060,0.085,0.080
South Ozone Park,Queens,neighborhood,,,,,,,,,,,,,,,,,,,,,,,,,,,,,,,,,,,,,,,,,,,,,,,,,,,,,,,,,,,,,,,,,,,,,,,,,,,,,,,,,,,,,,,,,,0.061,0.091,0.040,,,,,,,0.067,,,,,0.056,0.278,,,,0.095,,0.192,0.040,0.125,0.125,0.077,0.133,,0.088,0.194
South Queens,Queens,submarket,0.125,0.095,0.081,0.078,0.057,0.086,0.082,0.047,0.244,0.078,0.104,0.025,0.013,0.062,0.011,0.082,0.029,0.057,0.070,0.075,0.042,0.068,0.054,0.040,0.106,0.062,0.089,0.035,0.088,0.089,0.081,0.066,0.091,0.053,0.076,0.043,0.035,0.027,0.071,0.049,0.128,0.068,0.065,0.106,0.059,0.053,0.062,0.031,0.022,0.031,0.052,0.021,0.090,0.101,0.025,0.031,0.101,0.092,0.093,0.050,0.070,0.060,0.075,0.078,0.064,0.034,0.088,0.061,0.047,0.075,0.071,0.056,0.038,0.033,0.072,0.023,0.066,0.090,0.053,0.052,0.070,0.069,0.071,0.072,0.061,0.050,0.089,0.053,0.070,0.047,0.098,0.052,0.056,0.062,0.075,0.056,0.079,0.031,0.059,0.056,0.095,0.085,0.097,0.070,0.112,0.124,0.090,0.071,0.079,0.081,0.106,0.092,0.084,0.088,0.093,0.080,0.090,0.086,0.091
South Richmond Hill,Queens,neighborhood,,,,,,,,,,,,,,,,,,,,,,,,,,,,,,,,,,,,,,,,,,,,,,,,,,,,,,,,,,,,,,,,,,,,,,,,,,,,,,,,,,,,,,,,,,0.125,0.160,0.083,,,,,,,0.125,,0.125,,,,0.045,0.040,,0.037,0.040,0.095,,,,0.059,0.182,,0.087,,0.211
Springfield Gardens,Queens,neighborhood,,,,,,,,,,,,,,,,,,,,,,,,,,,,,,,,,,,,,,,,,,,,,,,,,,,,,,,,,,,,,,,,,,,,,,,,,,,,,,,,0.062,,,0.118,,,,0.118,,,0.051,0.075,0.029,0.045,0.105,,0.120,0.074,0.031,0.024,0.000,0.098,0.116,0.119,0.154,0.107,0.141,0.141,0.075,0.085,0.030,0.034,0.111,0.038,0.120,0.109,0.026,0.067,0.026,0.047
St. Albans,Queens,neighborhood,,,,,,,,,,,,,,,,,,,,,,,,,,,,,,,,,,,,,,,,,,,,,,,,,,,,,,,,,,,,,,,,0.150,0.050,0.087,0.080,0.038,0.038,0.033,0.000,0.120,0.037,,0.032,0.000,0.042,0.074,,0.000,0.053,0.108,0.057,0.086,0.000,,0.065,0.033,0.029,0.013,0.120,0.082,0.082,0.034,0.019,0.048,0.054,0.037,0.065,0.041,0.091,0.068,0.078,0.041,0.054,0.089,0.043,0.043,0.099,0.065,0.078,0.045,0.049,0.022,0.069,0.089,0.096,0.086,0.077
Staten Island,Staten Island,borough,,,0.068,0.055,0.041,0.022,0.091,0.043,0.105,,,,0.054,0.019,0.043,0.117,0.110,0.149,0.047,0.043,0.061,0.047,,0.034,0.103,0.152,0.044,0.093,0.073,0.130,0.176,0.013,0.146,0.116,0.096,0.070,0.119,0.098,0.111,0.135,0.142,0.156,0.146,0.120,0.146,0.071,0.178,0.079,0.112,0.086,0.127,0.126,0.149,0.157,0.146,0.137,0.168,0.143,0.111,0.057,0.087,0.088,0.141,0.181,0.096,0.025,0.151,0.093,0.116,0.106,0.101,0.051,0.025,0.072,0.069,0.093,0.050,0.115,0.113,0.097,0.105,0.124,0.081,0.019,0.034,0.080,0.083,0.124,0.126,0.089,0.101,0.117,0.134,0.081,0.062,0.032,0.037,0.062,0.065,0.071,0.089,0.101,0.106,0.111,0.125,0.137,0.103,0.062,0.101,0.099,0.114,0.117,0.140,0.157,0.152,0.120,0.151,0.154,0.113
Stuyvesant Town/PCV,Manhattan,neighborhood,,,,,,,,,,,,,,,,,,,,,,,,,,,,,,,,,,,,,,,,,,,,,,,,,,,,,,,,,,,,,,,,,,,,,,,,,,,,,,,,,,,,,,,,,,,,,,,,,,,,,,,,,,,,,,,,,,,,,,,
Sunnyside,Queens,neighborhood,,,0.042,0.097,,0.100,0.133,0.034,0.000,,,0.091,,,0.069,0.200,0.030,,0.107,0.071,0.138,0.030,0.074,,,0.038,0.036,0.074,0.029,0.086,0.057,0.057,,0.000,,,0.000,0.038,0.037,0.115,0.103,,0.062,0.125,,,0.118,0.067,,,0.062,0.048,0.083,0.094,0.029,0.029,0.065,0.000,0.028,0.032,0.000,0.065,0.057,0.000,0.067,0.100,0.077,0.000,0.079,0.098,0.000,0.033,0.000,0.000,0.000,0.000,0.028,0.000,0.103,0.087,0.074,0.036,0.036,0.043,0.042,0.000,0.034,0.032,0.094,0.043,0.087,0.106,0.163,0.091,0.139,0.034,0.062,0.086,0.116,0.039,0.078,0.188,0.119,0.133,0.160,0.119,0.058,0.029,0.103,0.071,0.100,0.028,0.122,0.224,0.061,0.160,0.200,0.291,0.172
Sunset Park,Brooklyn,neighborhood,0.158,0.000,0.051,0.111,0.081,0.105,0.077,0.079,0.184,0.106,0.120,0.042,0.163,0.050,0.156,0.000,0.059,0.098,0.186,0.043,0.170,0.080,0.070,0.047,0.093,0.077,0.000,0.108,0.079,0.051,0.000,0.088,0.031,0.000,,0.000,,0.030,0.000,0.000,0.040,0.036,0.000,0.000,,0.000,,,0.000,0.043,0.136,,0.120,,0.000,,0.038,0.067,0.032,0.074,0.043,,0.000,0.038,0.032,0.057,0.031,0.138,0.031,0.067,0.083,0.000,0.000,0.067,0.100,0.027,0.139,0.051,0.075,0.171,0.137,0.143,0.104,0.043,0.022,0.071,0.106,0.104,0.091,0.100,0.071,0.132,0.079,0.118,0.043,0.046,0.015,0.030,0.068,0.090,0.037,0.105,0.056,0.033,0.179,0.144,0.163,0.060,0.095,0.091,0.059,0.067,0.082,0.090,0.098,0.095,0.079,0.148,0.102
The Rockaways,Queens,submarket,,,,0.139,,,0.031,,,0.034,,,,,,,,,,,,0.000,,,,,,,,,,,,,,,,,,,,,,,,,,,,,,,,,,,,0.036,0.029,,0.029,,,0.054,0.079,0.047,0.076,0.074,0.059,0.034,0.000,0.062,0.070,,0.000,0.031,0.075,0.085,0.029,0.041,0.081,0.038,0.026,0.015,0.026,0.000,0.046,0.062,0.076,0.071,0.092,0.070,0.065,0.065,0.048,0.020,0.070,0.049,0.029,0.062,0.115,0.095,0.149,0.057,0.092,0.094,0.096,0.081,0.056,0.078,0.138,0.062,0.176,0.103,0.141,0.037,0.094,0.134,0.078
Throgs Neck,Bronx,neighborhood,,,,,,,,,,,,,,,,,,,,,,,,,,,,,,,,,,,,,,,,,,,,,,,,,,,,,,,,,,,,,,,,,,,,,,,,,,,,,,,,,0.188,,,,,0.111,0.000,,,0.043,0.115,0.071,0.032,0.167,,,0.120,0.111,,0.105,0.071,0.167,0.172,0.172,0.172,0.121,0.200,,0.031,0.103,0.227,0.065,0.107,0.032,0.067,0.086,0.147,0.156,0.133
Tremont,Bronx,neighborhood,,,,,,,,,,,,,,,,,,,,,,,,,,,,,,,,,,,,,,,,,,,,,,,,,,,,,,,,,,,,,,,,,,,,,,,,,,,,,,,,,,,,,,,,,,,,0.000,,,,,,,,,,,,,,,,,,,,,,,,,,,
Tribeca,Manhattan,neighborhood,0.097,0.066,0.051,0.070,0.097,0.072,0.045,0.047,0.066,0.076,0.075,0.043,0.065,0.097,0.080,0.052,0.070,0.092,0.071,0.024,0.109,0.071,0.081,0.039,0.093,0.054,0.067,0.038,0.052,0.079,0.039,0.026,0.070,0.056,0.024,0.024,0.029,0.025,0.036,0.045,0.047,0.038,0.029,0.011,0.033,0.042,0.024,0.017,0.030,0.023,0.027,0.032,0.051,0.034,0.023,0.011,0.034,0.026,0.039,0.008,0.027,0.014,0.040,0.066,0.047,0.065,0.037,0.029,0.064,0.059,0.055,0.024,0.072,0.067,0.074,0.098,0.118,0.071,0.073,0.028,0.090,0.095,0.057,0.044,0.073,0.046,0.082,0.094,0.135,0.131,0.103,0.057,0.128,0.147,0.109,0.040,0.113,0.097,0.085,0.110,0.139,0.075,0.086,0.031,0.130,0.131,0.084,0.047,0.095,0.076,0.098,0.130,0.126,0.099,0.066,0.045,0.138,0.119,0.059
University Heights,Bronx,neighborhood,0.087,,,,,,,,,,,,,,,,,,,,,,,,,,,,,,,,,,,,,,,,0.000,,,,,,,,,,,,,,,,,,,,,,,0.158,,,,,0.158,,,,,,,,,,,,,,,,,,,,,,0.214,,,,,,,,,0.000,,,,,0.167,0.111,,,,,,,0.074,,,,0.000,,0.069
Upper East Side,Manhattan,neighborhood,0.098,0.123,0.118,0.120,0.121,0.127,0.093,0.072,0.143,0.150,0.128,0.048,0.135,0.096,0.150,0.125,0.155,0.150,0.102,0.066,0.146,0.147,0.112,0.068,0.143,0.120,0.118,0.126,0.119,0.121,0.079,0.070,0.134,0.114,0.087,0.039,0.088,0.066,0.077,0.100,0.079,0.087,0.063,0.043,0.105,0.112,0.082,0.052,0.096,0.073,0.096,0.094,0.104,0.102,0.073,0.050,0.111,0.108,0.092,0.052,0.101,0.070,0.083,0.096,0.111,0.114,0.078,0.060,0.115,0.121,0.102,0.051,0.124,0.092,0.120,0.134,0.135,0.129,0.088,0.051,0.178,0.143,0.107,0.050,0.128,0.098,0.120,0.129,0.131,0.122,0.112,0.057,0.147,0.166,0.110,0.054,0.139,0.128,0.120,0.179,0.173,0.147,0.136,0.083,0.180,0.198,0.138,0.053,0.178,0.122,0.142,0.165,0.170,0.145,0.109,0.064,0.193,0.178,0.125
Upper West Side,Manhattan,neighborhood,0.112,0.103,0.123,0.136,0.122,0.117,0.094,0.055,0.134,0.130,0.104,0.052,0.124,0.089,0.119,0.120,0.141,0.134,0.100,0.082,0.139,0.164,0.115,0.054,0.135,0.117,0.104,0.111,0.118,0.125,0.098,0.053,0.082,0.088,0.077,0.046,0.066,0.069,0.065,0.093,0.090,0.074,0.086,0.071,0.107,0.105,0.088,0.053,0.085,0.075,0.091,0.090,0.121,0.111,0.098,0.045,0.115,0.095,0.073,0.046,0.079,0.049,0.076,0.076,0.086,0.093,0.064,0.054,0.102,0.123,0.103,0.063,0.121,0.101,0.106,0.129,0.127,0.138,0.104,0.054,0.149,0.122,0.114,0.054,0.113,0.085,0.126,0.098,0.125,0.132,0.096,0.058,0.148,0.161,0.137,0.071,0.137,0.126,0.107,0.162,0.171,0.153,0.146,0.084,0.187,0.185,0.162,0.081,0.147,0.122,0.128,0.143,0.150,0.151,0.104,0.073,0.180,0.161,0.115
Utopia,Queens,neighborhood,,,,,,,,,,,,,,,,,,,,,,,,,,,,,,,,,,,,,,,,,,,,,,,,,,,,,,,,,,,,,,,,,,,,,,,,,,,,,,,,,,,,,,,,,,,,,,,,,,,,,,,,,,,,,,,,,,,,,,,
Van Nest,Bronx,neighborhood,,,,,,,,,,,,,,,,,,,,,,,,,,,,,,,,,,,,,,,,,,,,,,,,,,,,,,,,,,,,,,,,,,,,,,,,,,,,,,,,,,,,,,,,,,,,,,,,,,,,,,,,,,,,,,,,,,,,,,,
Wakefield,Bronx,neighborhood,,,,,,,,,,,,,,,,,,,,,,,,,,,,,,,,,,,,,,,,,,,,,,,,,,,,,,,,,,,,,,,,,,,0.222,,,,,,,,,,0.053,,,,,,,,,,,0.100,,0.042,0.071,0.115,,,,,,,0.133,,,,,,,0.148,0.038,0.067,,0.000,0.057,0.061,0.027,0.132,0.100,0.000,0.037,0.161,
Washington Heights,Manhattan,neighborhood,0.132,0.133,0.127,0.178,0.153,0.123,0.079,0.050,0.115,0.158,0.112,0.051,0.188,0.096,0.148,0.165,0.151,0.127,0.105,0.063,0.116,0.152,0.100,0.059,0.110,0.103,0.112,0.100,0.084,0.121,0.115,0.112,0.101,0.105,0.045,0.048,0.084,0.060,0.052,0.053,0.057,0.089,0.110,0.048,0.073,0.112,0.045,0.049,0.025,0.019,0.031,0.027,0.049,0.056,0.044,0.028,0.064,0.077,0.047,0.028,0.053,0.057,0.030,0.030,0.092,0.022,0.046,0.030,0.036,0.023,0.067,0.044,0.046,0.011,0.070,0.092,0.081,0.140,0.125,0.105,0.170,0.107,0.064,0.045,0.114,0.058,0.109,0.101,0.065,0.079,0.102,0.067,0.084,0.147,0.115,0.036,0.040,0.073,0.062,0.115,0.148,0.157,0.110,0.065,0.160,0.122,0.129,0.034,0.153,0.137,0.127,0.148,0.162,0.121,0.166,0.131,0.169,0.215,0.093
West Harlem,Manhattan,neighborhood,,,,,,,,,,,,,,,,,,,,,,,,,,,,,,,,,,,,,,,,,,,,,,,,,,,,,,,,,,,,,,,,,,,,,,,,,,,,,0.083,,,,,,,,,,,,,,,,,,,,,0.000,0.032,0.029,,,,,,,,,,,,,,,,,,,
West Village,Manhattan,neighborhood,0.069,0.068,0.090,0.083,0.100,0.098,0.097,0.070,0.139,0.130,0.135,0.057,0.102,0.138,0.094,0.090,0.100,0.137,0.074,0.094,0.167,0.163,0.133,0.052,0.086,0.059,0.117,0.095,0.110,0.059,0.084,0.085,0.087,0.101,0.028,0.008,0.061,0.054,0.118,0.101,0.042,0.076,0.081,0.068,0.118,0.086,0.026,0.013,0.032,0.042,0.048,0.072,0.043,0.105,0.063,0.026,0.097,0.066,0.073,0.046,0.058,0.065,0.101,0.064,0.102,0.089,0.085,0.036,0.142,0.151,0.111,0.071,0.111,0.073,0.088,0.092,0.156,0.112,0.111,0.053,0.157,0.152,0.088,0.036,0.237,0.068,0.107,0.146,0.174,0.153,0.087,0.056,0.201,0.125,0.091,0.057,0.149,0.097,0.160,0.146,0.118,0.142,0.141,0.080,0.180,0.199,0.139,0.057,0.140,0.103,0.101,0.173,0.150,0.156,0.116,0.043,0.244,0.141,0.112
Westchester Village,Bronx,neighborhood,,,,,,,,,,,,,,,,,,,,,,,,,,,,,,,,,,,,,,,,,,,,,,,,,,,,,,,,,,,,,,,,,,,,,,,,,,,,,,,,,,,,,,,,,,,,,,,,,,,,,,,,,,,,,,,,,,,,,,,
Whitestone,Queens,neighborhood,,,0.067,,,0.059,0.095,,,,,0.000,,,,0.043,0.172,0.133,0.118,0.133,,0.111,,,0.067,,,0.038,0.040,0.095,,,,,,,0.048,,,,,,0.000,,0.045,,,,0.053,0.048,0.062,0.059,0.067,0.000,0.037,0.107,0.033,0.021,,0.071,0.100,0.033,0.071,0.057,0.050,0.086,0.079,0.098,0.175,0.051,0.140,0.023,0.068,0.024,0.000,0.097,0.083,0.066,0.033,0.049,0.095,0.074,0.067,0.018,0.077,0.020,0.036,0.122,0.105,0.070,0.051,0.082,0.077,0.173,0.066,0.045,0.031,0.081,0.098,0.097,0.124,0.108,0.114,0.079,0.157,0.105,0.057,0.049,0.113,0.070,0.152,0.085,0.112,0.200,0.170,0.064,0.154,0.103,0.114
Williamsbridge,Bronx,neighborhood,,,,,,,,,,,,,,,,,,,,,,,,,,,,,,,,,,,,,,,,,,,,,,,,,,,,,,,,,,,,,,,,,,,,,,,0.000,,,,,,,,,,0.136,,,,0.045,,0.125,,,0.034,0.061,0.086,,0.100,,,,,0.143,,0.050,0.000,0.069,0.129,0.133,0.143,0.057,0.125,,0.097,0.000,,0.125,0.217,0.125,0.107,,0.040,
Williamsburg,Brooklyn,neighborhood,0.059,0.053,0.023,0.030,0.081,0.034,0.066,0.077,0.045,0.074,0.043,0.027,0.039,0.026,0.080,0.029,0.058,0.051,0.039,0.043,0.027,0.059,0.044,0.012,0.041,0.033,0.031,0.034,0.040,0.046,0.046,0.041,0.037,0.049,0.028,0.034,0.026,0.028,0.016,0.020,0.086,0.104,0.086,0.050,0.094,0.088,0.086,0.033,0.036,0.035,0.035,0.118,0.121,0.173,0.061,0.032,0.067,0.081,0.052,0.036,0.056,0.049,0.042,0.088,0.074,0.083,0.065,0.062,0.068,0.104,0.089,0.041,0.049,0.063,0.106,0.117,0.133,0.150,0.114,0.082,0.198,0.137,0.125,0.045,0.062,0.083,0.056,0.090,0.129,0.132,0.128,0.060,0.158,0.110,0.096,0.056,0.059,0.072,0.109,0.102,0.127,0.139,0.141,0.076,0.160,0.138,0.121,0.054,0.078,0.102,0.090,0.127,0.103,0.124,0.097,0.105,0.157,0.212,0.132
Windsor Terrace,Brooklyn,neighborhood,0.147,0.140,0.174,0.086,0.032,0.097,0.067,0.038,0.107,0.096,0.059,0.071,0.100,0.044,0.091,0.092,0.155,0.098,0.226,0.065,0.151,0.057,0.071,0.043,0.082,0.157,0.070,0.119,0.136,0.074,0.095,0.093,0.089,0.083,0.103,0.030,0.000,0.069,0.000,0.000,0.029,0.000,0.130,0.043,0.143,0.000,,,0.071,,0.000,0.000,0.081,0.108,0.000,0.030,0.083,0.116,0.091,0.080,0.083,0.000,0.128,0.000,0.119,0.059,0.097,0.040,0.143,0.070,0.143,0.067,0.136,0.100,0.000,0.139,0.083,0.157,0.106,0.095,0.105,0.182,0.098,0.030,0.147,0.067,0.094,0.071,0.113,0.211,0.128,0.150,0.157,0.127,0.083,0.026,0.062,0.172,0.053,0.113,0.207,0.188,0.205,0.156,0.137,0.196,0.180,0.158,0.225,0.075,0.189,0.056,0.100,0.217,0.113,0.140,0.143,0.200,0.065
Woodhaven,Queens,neighborhood,,,,,,,,,,,,,,,,,,,,,,,,,,,,,,,,,,,,,,,,,,,,,,,,,,,,,,,,,,,,,,,,,,,0.333,,0.133,0.000,,,0.000,,,,,,,0.091,0.043,0.083,,,0.053,,0.091,0.000,0.077,0.000,0.060,0.000,0.000,0.029,0.067,0.000,0.107,0.032,0.054,0.091,0.125,0.139,0.146,0.045,0.102,0.106,0.098,0.196,0.085,0.053,0.118,0.048,0.213,0.096,0.136,0.175,0.250,0.079,0.118
Woodlawn,Bronx,neighborhood,,,,,,,,,,,,,,,,,,,,,,,,,,,,,,,,,,,,,,,,,,,,,,,,,,,,,,,,,,,,,,,,,,,,,,,,,,,,,,,,,,,,,,,,,,,,,,,,,,,,,,,,,,,,,,,,,,,,,,,
Woodside,Queens,neighborhood,,,,,0.045,0.095,,0.043,0.167,,0.136,0.235,,,,,0.045,0.185,0.086,0.114,0.000,0.175,0.100,0.108,,0.100,,,0.042,,,0.077,,0.100,,,0.037,0.045,,0.091,0.037,,,,,,0.000,,,,0.091,0.040,0.069,0.000,0.000,,,,,,,,0.000,0.000,0.250,0.067,0.143,0.000,0.095,0.033,0.000,0.000,0.080,0.000,0.000,0.032,0.025,0.000,0.074,0.043,0.000,0.059,0.000,,0.034,0.038,0.034,0.071,0.034,0.029,0.065,0.106,0.119,0.102,0.146,0.045,0.023,0.095,0.061,0.069,0.086,0.186,0.086,0.100,0.132,0.123,0.083,0.057,0.111,0.086,0.103,0.021,0.127,0.143,0.194,0.167,0.115,0.129,0.207
Woodstock,Bronx,neighborhood,,,,,,,,,,,,,,,,,,,,,,,,,,,,,,,,,,,,,,,,,,,,,,,,,,,,,,,,,,,,,,,,,,,,,,,,,,,,,,,,,,,,,,,,,,,,,,,,,,,,,,,,,,,,,,,,,,,,,,,
